#MdsTime (uint32)[1];correctedMirnov0 (float32)[1];correctedMirnov1 (float32)[1];correctedMirnov2 (float32)[1];correctedMirnov3 (float32)[1];correctedMirnov4 (float32)[1];correctedMirnov5 (float32)[1];correctedMirnov6 (float32)[1];correctedMirnov7 (float32)[1];correctedMirnov8 (float32)[1];correctedMirnov9 (float32)[1];correctedMirnov10 (float32)[1];correctedMirnov11 (float32)[1]
0;-17431.659698;-35627.670288;-94372.034072;-138722.789764;-161819.362640;-89523.372650;-86968.116760;129108.249664;135111.176967;-14059.716224;36323.604583;12037.004232
100;-17431.659698;-35627.670288;-94372.034072;-138722.789764;-161819.362640;-89523.372650;-86968.116760;129108.249664;135111.176967;-14059.716224;36323.604583;12037.006616
200;-17431.659698;-35627.670288;-94372.034072;-138722.789764;-161819.362640;-89523.372650;-86968.126296;129108.249664;135111.176967;-14059.715270;36323.599815;12037.009000
300;-17431.659698;-35627.670288;-94372.034072;-138722.789764;-161819.362640;-89523.372650;-86968.126296;129108.249664;135111.176967;-14059.715270;36323.599815;12037.011384
400;-17431.659698;-35627.670288;-94372.034072;-138722.789764;-161819.362640;-89523.372650;-86968.126296;129108.262062;135111.176967;-14059.715270;36323.599815;12037.012577
500;-17431.659698;-35627.667903;-94372.034072;-138722.789764;-161819.362640;-89523.372650;-86968.126296;129108.262062;135111.176967;-14059.714317;36323.599815;12037.014961
600;-17431.659698;-35627.667903;-94372.034072;-138722.789764;-161819.362640;-89523.372650;-86968.126296;129108.262062;135111.176967;-14059.714317;36323.599815;12037.017345
700;-17431.659698;-35627.667903;-94372.034072;-138722.789764;-161819.362640;-89523.372650;-86968.126296;129108.262062;135111.176967;-14059.714317;36323.597431;12037.019729
800;-17431.659698;-35627.667903;-94372.034072;-138722.789764;-161819.362640;-89523.372650;-86968.126296;129108.262062;135111.176967;-14059.714317;36323.597431;12037.022113
900;-17431.659698;-35627.667903;-94372.034072;-138722.789764;-161819.362640;-89523.382186;-86968.126296;129108.262062;135111.176967;-14059.712886;36323.597431;12037.023305
1000;-17431.659698;-35627.667903;-94372.034072;-138722.789764;-161819.362640;-89523.382186;-86968.135833;129108.262062;135111.176967;-14059.712886;36323.592662;12037.024497
1100;-17431.659698;-35627.667903;-94372.034072;-138722.789764;-161819.362640;-89523.382186;-86968.135833;129108.274459;135111.176967;-14059.712886;36323.592662;12037.028074
1200;-17431.659698;-35627.667903;-94372.034072;-138722.789764;-161819.362640;-89523.382186;-86968.135833;129108.274459;135111.176967;-14059.711456;36323.587894;12037.030458
1300;-17431.659698;-35627.667903;-94372.034072;-138722.789764;-161819.362640;-89523.382186;-86968.135833;129108.274459;135111.176967;-14059.711456;36323.587894;12037.031650
1400;-17431.659698;-35627.667903;-94372.034072;-138722.789764;-161819.362640;-89523.382186;-86968.145370;129108.274459;135111.176967;-14059.711456;36323.587894;12037.034034
1500;-17431.659698;-35627.667903;-94372.034072;-138722.789764;-161819.362640;-89523.382186;-86968.145370;129108.274459;135111.176967;-14059.709548;36323.585510;12037.036418
1600;-17431.659698;-35627.667903;-94372.034072;-138722.789764;-161819.362640;-89523.382186;-86968.145370;129108.274459;135111.176967;-14059.709548;36323.585510;12037.037611
1700;-17431.659698;-35627.667903;-94372.034072;-138722.789764;-161819.362640;-89523.382186;-86968.154907;129108.274459;135111.176967;-14059.709548;36323.585510;12037.041187
1800;-17431.659698;-35627.667903;-94372.034072;-138722.789764;-161819.362640;-89523.382186;-86968.154907;129108.274459;135111.176967;-14059.709548;36323.585510;12037.042379
1900;-17431.659698;-35627.667903;-94372.034072;-138722.789764;-161819.362640;-89523.382186;-86968.154907;129108.274459;135111.176967;-14059.708118;36323.585510;12037.043571
2000;-17431.659698;-35627.667903;-94372.034072;-138722.789764;-161819.362640;-89523.382186;-86968.154907;129108.274459;135111.176967;-14059.708118;36323.580741;12037.047147
2100;-17431.659698;-35627.663135;-94372.034072;-138722.789764;-161819.362640;-89523.382186;-86968.164443;129108.274459;135111.176967;-14059.708118;36323.580741;12037.048339
2200;-17431.659698;-35627.663135;-94372.034072;-138722.789764;-161819.362640;-89523.382186;-86968.164443;129108.274459;135111.176967;-14059.708118;36323.580741;12037.050724
2300;-17431.659698;-35627.663135;-94372.034072;-138722.789764;-161819.362640;-89523.382186;-86968.164443;129108.274459;135111.176967;-14059.708118;36323.578357;12037.053108
2400;-17431.659698;-35627.663135;-94372.034072;-138722.789764;-161819.362640;-89523.382186;-86968.164443;129108.274459;135111.176967;-14059.708118;36323.578357;12037.054300
2499;-17431.659698;-35627.663135;-94372.034072;-138722.789764;-161819.362640;-89523.382186;-86968.173980;129108.274459;135111.176967;-14059.705734;36323.573589;12037.056684
2599;-17431.659698;-35627.663135;-94372.034072;-138722.789764;-161819.362640;-89523.391723;-86968.173980;129108.274459;135111.176967;-14059.705734;36323.573589;12037.059068
2699;-17431.659698;-35627.663135;-94372.034072;-138722.789764;-161819.362640;-89523.391723;-86968.173980;129108.274459;135111.176967;-14059.705734;36323.573589;12037.061452
2799;-17431.659698;-35627.663135;-94372.034072;-138722.789764;-161819.362640;-89523.391723;-86968.173980;129108.274459;135111.176967;-14059.704780;36323.568820;12037.062644
2899;-17431.659698;-35627.663135;-94372.024536;-138722.789764;-161819.362640;-89523.391723;-86968.173980;129108.274459;135111.176967;-14059.704780;36323.568820;12037.065029
2999;-17431.659698;-35627.658367;-94372.024536;-138722.789764;-161819.362640;-89523.391723;-86968.173980;129108.274459;135111.176967;-14059.704780;36323.566436;12037.067413
3099;-17431.659698;-35627.658367;-94372.024536;-138722.789764;-161819.362640;-89523.391723;-86968.173980;129108.274459;135111.176967;-14059.704780;36323.566436;12037.068605
3199;-17431.659698;-35627.658367;-94372.024536;-138722.789764;-161819.362640;-89523.391723;-86968.173980;129108.274459;135111.176967;-14059.703350;36323.566436;12037.072181
3299;-17431.659698;-35627.658367;-94372.024536;-138722.789764;-161819.362640;-89523.391723;-86968.183517;129108.285903;135111.176967;-14059.703350;36323.566436;12037.073373
3399;-17431.659698;-35627.658367;-94372.024536;-138722.789764;-161819.362640;-89523.391723;-86968.183517;129108.285903;135111.176967;-14059.703350;36323.566436;12037.074565
3499;-17431.659698;-35627.658367;-94372.024536;-138722.789764;-161819.362640;-89523.391723;-86968.183517;129108.285903;135111.176967;-14059.701919;36323.566436;12037.078142
3599;-17431.659698;-35627.658367;-94372.024536;-138722.789764;-161819.362640;-89523.391723;-86968.193054;129108.285903;135111.176967;-14059.701919;36323.561668;12037.079334
3699;-17431.659698;-35627.658367;-94372.024536;-138722.789764;-161819.362640;-89523.391723;-86968.193054;129108.285903;135111.176967;-14059.701919;36323.561668;12037.081718
3799;-17431.659698;-35627.655982;-94372.024536;-138722.789764;-161819.362640;-89523.391723;-86968.193054;129108.285903;135111.176967;-14059.700965;36323.556900;12037.084102
3899;-17431.662082;-35627.655982;-94372.024536;-138722.789764;-161819.362640;-89523.391723;-86968.193054;129108.285903;135111.176967;-14059.700965;36323.556900;12037.085294
3999;-17431.662082;-35627.655982;-94372.024536;-138722.789764;-161819.362640;-89523.391723;-86968.202590;129108.285903;135111.176967;-14059.700965;36323.556900;12037.087678
4099;-17431.662082;-35627.655982;-94372.024536;-138722.789764;-161819.362640;-89523.391723;-86968.202590;129108.297348;135111.176967;-14059.700012;36323.554515;12037.090063
4199;-17431.662082;-35627.655982;-94372.024536;-138722.789764;-161819.362640;-89523.391723;-86968.202590;129108.297348;135111.176967;-14059.700012;36323.554515;12037.092447
4299;-17431.662082;-35627.655982;-94372.024536;-138722.789764;-161819.362640;-89523.391723;-86968.202590;129108.297348;135111.176967;-14059.700012;36323.554515;12037.094831
4399;-17431.662082;-35627.655982;-94372.024536;-138722.789764;-161819.362640;-89523.391723;-86968.212127;129108.297348;135111.176967;-14059.700012;36323.549747;12037.096023
4499;-17431.662082;-35627.655982;-94372.024536;-138722.789764;-161819.362640;-89523.391723;-86968.212127;129108.297348;135111.176967;-14059.698581;36323.549747;12037.098407
4599;-17431.662082;-35627.651214;-94372.024536;-138722.789764;-161819.362640;-89523.391723;-86968.212127;129108.297348;135111.176967;-14059.698581;36323.544979;12037.100791
4699;-17431.662082;-35627.651214;-94372.024536;-138722.789764;-161819.362640;-89523.391723;-86968.212127;129108.297348;135111.176967;-14059.698581;36323.544979;12037.103176
4800;-17431.662082;-35627.651214;-94372.024536;-138722.789764;-161819.362640;-89523.391723;-86968.212127;129108.309745;135111.176967;-14059.697151;36323.544979;12037.105560
4900;-17431.662082;-35627.651214;-94372.024536;-138722.789764;-161819.362640;-89523.391723;-86968.212127;129108.309745;135111.176967;-14059.697151;36323.544979;12037.105560
5000;-17431.662082;-35627.651214;-94372.024536;-138722.789764;-161819.362640;-89523.391723;-86968.212127;129108.309745;135111.176967;-14059.697151;36323.544979;12037.109136
5100;-17431.662082;-35627.651214;-94372.024536;-138722.789764;-161819.362640;-89523.391723;-86968.221664;129108.309745;135111.176967;-14059.696197;36323.542594;12037.111520
5200;-17431.662082;-35627.651214;-94372.024536;-138722.789764;-161819.362640;-89523.391723;-86968.221664;129108.309745;135111.176967;-14059.696197;36323.542594;12037.112712
5300;-17431.662082;-35627.651214;-94372.024536;-138722.789764;-161819.362640;-89523.391723;-86968.221664;129108.309745;135111.176967;-14059.696197;36323.542594;12037.116289
5400;-17431.662082;-35627.651214;-94372.024536;-138722.789764;-161819.362640;-89523.391723;-86968.221664;129108.309745;135111.176967;-14059.696197;36323.537826;12037.116289
5500;-17431.662082;-35627.651214;-94372.024536;-138722.789764;-161819.362640;-89523.391723;-86968.231201;129108.309745;135111.176967;-14059.695243;36323.537826;12037.118673
5600;-17431.662082;-35627.651214;-94372.024536;-138722.789764;-161819.362640;-89523.391723;-86968.231201;129108.309745;135111.176967;-14059.695243;36323.537826;12037.122249
5700;-17431.662082;-35627.651214;-94372.024536;-138722.789764;-161819.362640;-89523.391723;-86968.231201;129108.309745;135111.176967;-14059.695243;36323.533058;12037.123441
5800;-17431.662082;-35627.651214;-94372.024536;-138722.789764;-161819.362640;-89523.391723;-86968.231201;129108.309745;135111.176967;-14059.692382;36323.533058;12037.125825
5900;-17431.662082;-35627.651214;-94372.024536;-138722.789764;-161819.362640;-89523.391723;-86968.240737;129108.309745;135111.176967;-14059.692382;36323.530673;12037.128210
6000;-17431.662082;-35627.651214;-94372.024536;-138722.789764;-161819.362640;-89523.401260;-86968.240737;129108.309745;135111.176967;-14059.692382;36323.530673;12037.129402
6100;-17431.662082;-35627.651214;-94372.024536;-138722.789764;-161819.362640;-89523.401260;-86968.240737;129108.309745;135111.176967;-14059.692382;36323.530673;12037.131786
6200;-17431.662082;-35627.651214;-94372.024536;-138722.789764;-161819.362640;-89523.401260;-86968.240737;129108.309745;135111.176967;-14059.692382;36323.530673;12037.134170
6300;-17431.662082;-35627.646446;-94372.024536;-138722.789764;-161819.362640;-89523.401260;-86968.250274;129108.322143;135111.176967;-14059.692382;36323.530673;12037.136554
6400;-17431.662082;-35627.646446;-94372.024536;-138722.789764;-161819.362640;-89523.401260;-86968.250274;129108.322143;135111.176967;-14059.691429;36323.525905;12037.137746
6500;-17431.663513;-35627.646446;-94372.024536;-138722.789764;-161819.362640;-89523.401260;-86968.250274;129108.322143;135111.176967;-14059.691429;36323.525905;12037.140130
6600;-17431.663513;-35627.646446;-94372.024536;-138722.789764;-161819.362640;-89523.401260;-86968.259811;129108.322143;135111.176967;-14059.691429;36323.525905;12037.142515
6700;-17431.663513;-35627.646446;-94372.024536;-138722.789764;-161819.362640;-89523.401260;-86968.259811;129108.322143;135111.176967;-14059.691429;36323.523521;12037.143707
6800;-17431.663513;-35627.646446;-94372.024536;-138722.789764;-161819.362640;-89523.401260;-86968.259811;129108.322143;135111.176967;-14059.689044;36323.523521;12037.147283
6900;-17431.663513;-35627.646446;-94372.024536;-138722.789764;-161819.362640;-89523.401260;-86968.259811;129108.322143;135111.176967;-14059.689044;36323.523521;12037.148475
7000;-17431.663513;-35627.646446;-94372.024536;-138722.789764;-161819.362640;-89523.401260;-86968.269348;129108.322143;135111.176967;-14059.689044;36323.518753;12037.149667
7100;-17431.663513;-35627.644062;-94372.024536;-138722.789764;-161819.362640;-89523.401260;-86968.269348;129108.322143;135111.176967;-14059.687614;36323.518753;12037.152051
7200;-17431.663513;-35627.644062;-94372.024536;-138722.789764;-161819.362640;-89523.401260;-86968.269348;129108.322143;135111.176967;-14059.687614;36323.513984;12037.154436
7300;-17431.663513;-35627.644062;-94372.024536;-138722.789764;-161819.362640;-89523.401260;-86968.269348;129108.322143;135111.176967;-14059.687614;36323.513984;12037.156820
7400;-17431.663513;-35627.644062;-94372.024536;-138722.789764;-161819.362640;-89523.401260;-86968.278884;129108.322143;135111.176967;-14059.686660;36323.513984;12037.158012
7500;-17431.663513;-35627.644062;-94372.024536;-138722.789764;-161819.362640;-89523.401260;-86968.278884;129108.322143;135111.176967;-14059.686660;36323.511600;12037.160396
7600;-17431.663513;-35627.644062;-94372.024536;-138722.789764;-161819.362640;-89523.410797;-86968.278884;129108.322143;135111.176967;-14059.686660;36323.511600;12037.162780
7700;-17431.663513;-35627.644062;-94372.024536;-138722.789764;-161819.362640;-89523.410797;-86968.278884;129108.333587;135111.176967;-14059.685707;36323.511600;12037.165164
7800;-17431.663513;-35627.644062;-94372.024536;-138722.789764;-161819.362640;-89523.410797;-86968.288421;129108.333587;135111.176967;-14059.685707;36323.511600;12037.167549
7900;-17431.663513;-35627.644062;-94372.024536;-138722.789764;-161819.362640;-89523.410797;-86968.288421;129108.333587;135111.176967;-14059.685707;36323.511600;12037.168741
8000;-17431.663513;-35627.639293;-94372.024536;-138722.789764;-161819.362640;-89523.410797;-86968.288421;129108.333587;135111.176967;-14059.685707;36323.506832;12037.171125
8100;-17431.663513;-35627.639293;-94372.024536;-138722.789764;-161819.362640;-89523.410797;-86968.288421;129108.333587;135111.176967;-14059.684276;36323.506832;12037.173509
8200;-17431.663513;-35627.639293;-94372.024536;-138722.789764;-161819.362640;-89523.410797;-86968.297958;129108.333587;135111.176967;-14059.684276;36323.506832;12037.175893
8300;-17431.663513;-35627.639293;-94372.024536;-138722.789764;-161819.362640;-89523.410797;-86968.297958;129108.333587;135111.176967;-14059.684276;36323.502063;12037.177085
8400;-17431.663513;-35627.639293;-94372.024536;-138722.789764;-161819.362640;-89523.410797;-86968.297958;129108.333587;135111.176967;-14059.682846;36323.502063;12037.179470
8500;-17431.663513;-35627.639293;-94372.024536;-138722.789764;-161819.362640;-89523.410797;-86968.297958;129108.345031;135111.176967;-14059.682846;36323.499679;12037.181854
8600;-17431.663513;-35627.639293;-94372.024536;-138722.789764;-161819.362640;-89523.410797;-86968.297958;129108.345031;135111.176967;-14059.682846;36323.499679;12037.183046
8700;-17431.663513;-35627.639293;-94372.024536;-138722.789764;-161819.362640;-89523.410797;-86968.297958;129108.345031;135111.176967;-14059.681892;36323.499679;12037.186622
8800;-17431.663513;-35627.636909;-94372.024536;-138722.789764;-161819.362640;-89523.410797;-86968.297958;129108.345031;135111.176967;-14059.681892;36323.494911;12037.187814
8900;-17431.663513;-35627.636909;-94372.024536;-138722.789764;-161819.362640;-89523.410797;-86968.307495;129108.345031;135111.176967;-14059.681892;36323.494911;12037.189006
9000;-17431.665420;-35627.636909;-94372.024536;-138722.789764;-161819.362640;-89523.410797;-86968.307495;129108.345031;135111.176967;-14059.681892;36323.494911;12037.192583
9100;-17431.665420;-35627.636909;-94372.024536;-138722.789764;-161819.362640;-89523.410797;-86968.307495;129108.345031;135111.176967;-14059.680938;36323.494911;12037.193775
9200;-17431.665420;-35627.636909;-94372.024536;-138722.789764;-161819.362640;-89523.410797;-86968.307495;129108.357429;135111.176967;-14059.680938;36323.494911;12037.196159
9300;-17431.665420;-35627.636909;-94372.024536;-138722.789764;-161819.362640;-89523.420333;-86968.317031;129108.357429;135111.176967;-14059.680938;36323.490142;12037.198543
9399;-17431.665420;-35627.636909;-94372.024536;-138722.789764;-161819.362640;-89523.420333;-86968.317031;129108.357429;135111.176967;-14059.679508;36323.490142;12037.199735
9499;-17431.665420;-35627.636909;-94372.024536;-138722.789764;-161819.362640;-89523.420333;-86968.317031;129108.357429;135111.176967;-14059.679508;36323.490142;12037.202119
9599;-17431.665420;-35627.636909;-94372.024536;-138722.789764;-161819.362640;-89523.420333;-86968.317031;129108.357429;135111.176967;-14059.679508;36323.487758;12037.204504
9699;-17431.665420;-35627.636909;-94372.024536;-138722.789764;-161819.362640;-89523.420333;-86968.326568;129108.357429;135111.176967;-14059.678077;36323.487758;12037.206888
9799;-17431.665420;-35627.636909;-94372.024536;-138722.789764;-161819.362640;-89523.420333;-86968.326568;129108.357429;135111.176967;-14059.678077;36323.482990;12037.209272
9899;-17431.665420;-35627.636909;-94372.024536;-138722.789764;-161819.362640;-89523.420333;-86968.326568;129108.357429;135111.176967;-14059.678077;36323.482990;12037.210464
9999;-17431.665420;-35627.636909;-94372.024536;-138722.789764;-161819.362640;-89523.420333;-86968.336105;129108.357429;135111.176967;-14059.676170;36323.482990;12037.212848
10099;-17431.665420;-35627.636909;-94372.024536;-138722.789764;-161819.362640;-89523.420333;-86968.336105;129108.357429;135111.176967;-14059.676170;36323.480606;12037.214040
10199;-17431.665420;-35627.636909;-94372.024536;-138722.789764;-161819.362640;-89523.420333;-86968.336105;129108.357429;135111.176967;-14059.676170;36323.480606;12037.217617
10299;-17431.665420;-35627.636909;-94372.024536;-138722.789764;-161819.362640;-89523.420333;-86968.336105;129108.357429;135111.176967;-14059.676170;36323.475837;12037.220001
10399;-17431.665420;-35627.636909;-94372.024536;-138722.789764;-161819.362640;-89523.420333;-86968.345642;129108.357429;135111.176967;-14059.676170;36323.475837;12037.220001
10499;-17431.665420;-35627.632141;-94372.024536;-138722.789764;-161819.362640;-89523.420333;-86968.345642;129108.357429;135111.176967;-14059.676170;36323.475837;12037.223577
10599;-17431.665420;-35627.632141;-94372.024536;-138722.789764;-161819.362640;-89523.420333;-86968.345642;129108.357429;135111.176967;-14059.676170;36323.475837;12037.224769
10699;-17431.665420;-35627.632141;-94372.024536;-138722.789764;-161819.362640;-89523.420333;-86968.345642;129108.369827;135111.176967;-14059.674739;36323.475837;12037.227153
10799;-17431.665420;-35627.632141;-94372.024536;-138722.789764;-161819.362640;-89523.420333;-86968.345642;129108.369827;135111.176967;-14059.674739;36323.475837;12037.230730
10899;-17431.665420;-35627.632141;-94372.024536;-138722.789764;-161819.362640;-89523.420333;-86968.345642;129108.369827;135111.176967;-14059.674739;36323.471069;12037.230730
10999;-17431.665420;-35627.632141;-94372.024536;-138722.789764;-161819.362640;-89523.429870;-86968.345642;129108.369827;135111.176967;-14059.672355;36323.471069;12037.233114
11099;-17431.665420;-35627.632141;-94372.024536;-138722.789764;-161819.362640;-89523.429870;-86968.345642;129108.369827;135111.176967;-14059.672355;36323.468685;12037.235498
11199;-17431.665420;-35627.632141;-94372.024536;-138722.789764;-161819.362640;-89523.429870;-86968.355178;129108.369827;135111.176967;-14059.672355;36323.468685;12037.237882
11299;-17431.665420;-35627.627372;-94372.024536;-138722.789764;-161819.362640;-89523.429870;-86968.355178;129108.369827;135111.176967;-14059.671401;36323.468685;12037.240266
11399;-17431.665420;-35627.627372;-94372.024536;-138722.789764;-161819.362640;-89523.429870;-86968.355178;129108.369827;135111.176967;-14059.671401;36323.463916;12037.241458
11499;-17431.665420;-35627.627372;-94372.024536;-138722.789764;-161819.362640;-89523.429870;-86968.364715;129108.369827;135111.176967;-14059.671401;36323.463916;12037.243843
11599;-17431.668281;-35627.627372;-94372.024536;-138722.789764;-161819.362640;-89523.429870;-86968.364715;129108.369827;135111.176967;-14059.671401;36323.463916;12037.246227
11699;-17431.668281;-35627.627372;-94372.024536;-138722.789764;-161819.362640;-89523.429870;-86968.364715;129108.369827;135111.176967;-14059.669971;36323.459148;12037.248611
11799;-17431.668281;-35627.627372;-94372.024536;-138722.789764;-161819.362640;-89523.429870;-86968.364715;129108.369827;135111.176967;-14059.669971;36323.459148;12037.250995
11899;-17431.668281;-35627.627372;-94372.024536;-138722.789764;-161819.362640;-89523.429870;-86968.374252;129108.369827;135111.176967;-14059.669971;36323.456764;12037.252187
11999;-17431.668281;-35627.627372;-94372.024536;-138722.789764;-161819.362640;-89523.429870;-86968.374252;129108.369827;135111.176967;-14059.668540;36323.456764;12037.254571
12099;-17431.668281;-35627.624988;-94372.024536;-138722.789764;-161819.362640;-89523.429870;-86968.374252;129108.381271;135111.176967;-14059.668540;36323.456764;12037.256956
12199;-17431.668281;-35627.624988;-94372.024536;-138722.789764;-161819.362640;-89523.429870;-86968.374252;129108.381271;135111.176967;-14059.668540;36323.456764;12037.258148
12299;-17431.668281;-35627.624988;-94372.024536;-138722.789764;-161819.362640;-89523.429870;-86968.383789;129108.381271;135111.176967;-14059.667587;36323.456764;12037.261724
12399;-17431.668281;-35627.624988;-94372.024536;-138722.789764;-161819.362640;-89523.429870;-86968.383789;129108.381271;135111.176967;-14059.667587;36323.451995;12037.262916
12499;-17431.668281;-35627.624988;-94372.024536;-138722.789764;-161819.362640;-89523.429870;-86968.383789;129108.381271;135111.176967;-14059.667587;36323.451995;12037.264108
12599;-17431.668281;-35627.624988;-94372.024536;-138722.789764;-161819.362640;-89523.429870;-86968.383789;129108.381271;135111.176967;-14059.667587;36323.451995;12037.267684
12699;-17431.668281;-35627.624988;-94372.024536;-138722.789764;-161819.362640;-89523.439407;-86968.383789;129108.381271;135111.176967;-14059.666633;36323.447227;12037.268877
12799;-17431.668281;-35627.624988;-94372.024536;-138722.789764;-161819.362640;-89523.439407;-86968.383789;129108.381271;135111.176967;-14059.666633;36323.447227;12037.271261
12899;-17431.668281;-35627.624988;-94372.024536;-138722.789764;-161819.362640;-89523.439407;-86968.383789;129108.392715;135111.176967;-14059.666633;36323.447227;12037.273645
12999;-17431.668281;-35627.620220;-94372.024536;-138722.789764;-161819.362640;-89523.439407;-86968.383789;129108.392715;135111.176967;-14059.665203;36323.444843;12037.274837
13099;-17431.668281;-35627.620220;-94372.024536;-138722.789764;-161819.362640;-89523.439407;-86968.393325;129108.392715;135111.176967;-14059.665203;36323.444843;12037.277221
13199;-17431.668281;-35627.620220;-94372.024536;-138722.789764;-161819.362640;-89523.439407;-86968.393325;129108.392715;135111.176967;-14059.665203;36323.440074;12037.279605
13299;-17431.668281;-35627.620220;-94372.024536;-138722.789764;-161819.362640;-89523.439407;-86968.393325;129108.392715;135111.176967;-14059.663772;36323.440074;12037.281990
13399;-17431.668281;-35627.620220;-94372.024536;-138722.789764;-161819.362640;-89523.439407;-86968.402862;129108.392715;135111.176967;-14059.663772;36323.440074;12037.283182
13499;-17431.668281;-35627.620220;-94372.024536;-138722.789764;-161819.362640;-89523.439407;-86968.402862;129108.392715;135111.176967;-14059.663772;36323.440074;12037.285566
13599;-17431.668281;-35627.620220;-94372.024536;-138722.789764;-161819.362640;-89523.439407;-86968.402862;129108.392715;135111.176967;-14059.662818;36323.440074;12037.287950
13699;-17431.668281;-35627.620220;-94372.024536;-138722.789764;-161819.362640;-89523.439407;-86968.402862;129108.392715;135111.176967;-14059.662818;36323.437690;12037.289142
13799;-17431.668281;-35627.620220;-94372.024536;-138722.789764;-161819.362640;-89523.439407;-86968.412399;129108.392715;135111.176967;-14059.662818;36323.437690;12037.292718
13899;-17431.668281;-35627.620220;-94372.024536;-138722.789764;-161819.386482;-89523.439407;-86968.412399;129108.392715;135111.176967;-14059.662818;36323.437690;12037.293910
13999;-17431.668281;-35627.620220;-94372.024536;-138722.789764;-161819.386482;-89523.439407;-86968.412399;129108.392715;135111.176967;-14059.661865;36323.432922;12037.295103
14099;-17431.668281;-35627.620220;-94372.024536;-138722.789764;-161819.386482;-89523.439407;-86968.412399;129108.392715;135111.176967;-14059.661865;36323.432922;12037.298679
14199;-17431.668281;-35627.620220;-94372.024536;-138722.789764;-161819.386482;-89523.439407;-86968.421936;129108.392715;135111.176967;-14059.661865;36323.432922;12037.301063
14299;-17431.668281;-35627.620220;-94372.024536;-138722.789764;-161819.386482;-89523.439407;-86968.421936;129108.405113;135111.200809;-14059.659004;36323.428153;12037.302255
14399;-17431.668281;-35627.620220;-94372.024536;-138722.789764;-161819.386482;-89523.439407;-86968.421936;129108.405113;135111.200809;-14059.659004;36323.428153;12037.304639
14499;-17431.668281;-35627.620220;-94372.024536;-138722.789764;-161819.386482;-89523.439407;-86968.421936;129108.405113;135111.200809;-14059.659004;36323.425769;12037.305831
14599;-17431.668281;-35627.615451;-94372.024536;-138722.789764;-161819.386482;-89523.439407;-86968.431472;129108.405113;135111.200809;-14059.659004;36323.425769;12037.308216
14699;-17431.668281;-35627.615451;-94372.024536;-138722.789764;-161819.386482;-89523.439407;-86968.431472;129108.405113;135111.200809;-14059.659004;36323.425769;12037.311792
14799;-17431.668281;-35627.615451;-94372.024536;-138722.789764;-161819.386482;-89523.439407;-86968.431472;129108.405113;135111.200809;-14059.659004;36323.421001;12037.312984
14899;-17431.668281;-35627.615451;-94372.024536;-138722.789764;-161819.386482;-89523.439407;-86968.431472;129108.405113;135111.200809;-14059.659004;36323.421001;12037.314176
14999;-17431.668281;-35627.615451;-94372.024536;-138722.789764;-161819.386482;-89523.439407;-86968.431472;129108.405113;135111.200809;-14059.658050;36323.421001;12037.316560
15099;-17431.668281;-35627.615451;-94372.024536;-138722.789764;-161819.386482;-89523.439407;-86968.431472;129108.417510;135111.200809;-14059.658050;36323.421001;12037.318944
15199;-17431.668281;-35627.615451;-94372.024536;-138722.789764;-161819.386482;-89523.439407;-86968.431472;129108.417510;135111.200809;-14059.658050;36323.421001;12037.321329
15299;-17431.668281;-35627.615451;-94372.024536;-138722.789764;-161819.386482;-89523.439407;-86968.441009;129108.417510;135111.200809;-14059.655666;36323.416233;12037.323713
15399;-17431.668281;-35627.615451;-94372.024536;-138722.789764;-161819.386482;-89523.439407;-86968.441009;129108.417510;135111.200809;-14059.655666;36323.416233;12037.324905
15499;-17431.668281;-35627.613067;-94372.024536;-138722.789764;-161819.386482;-89523.439407;-86968.441009;129108.417510;135111.200809;-14059.655666;36323.416233;12037.327289
15599;-17431.668281;-35627.613067;-94372.024536;-138722.789764;-161819.386482;-89523.439407;-86968.441009;129108.417510;135111.200809;-14059.654235;36323.413848;12037.329673
15699;-17431.668281;-35627.613067;-94372.024536;-138722.789764;-161819.386482;-89523.439407;-86968.450546;129108.417510;135111.200809;-14059.654235;36323.413848;12037.332057
15799;-17431.668281;-35627.613067;-94372.024536;-138722.812652;-161819.386482;-89523.439407;-86968.450546;129108.417510;135111.200809;-14059.654235;36323.409080;12037.333250
15899;-17431.668281;-35627.613067;-94372.024536;-138722.812652;-161819.386482;-89523.439407;-86968.450546;129108.417510;135111.200809;-14059.654235;36323.409080;12037.335634
15999;-17431.668281;-35627.613067;-94372.024536;-138722.812652;-161819.386482;-89523.439407;-86968.450546;129108.417510;135111.200809;-14059.654235;36323.409080;12037.338018
16099;-17431.668281;-35627.613067;-94372.024536;-138722.812652;-161819.386482;-89523.448944;-86968.460083;129108.417510;135111.200809;-14059.654235;36323.404312;12037.339210
16199;-17431.668281;-35627.613067;-94372.024536;-138722.812652;-161819.386482;-89523.448944;-86968.460083;129108.417510;135111.200809;-14059.654235;36323.404312;12037.342786
16299;-17431.668281;-35627.608299;-94372.024536;-138722.812652;-161819.386482;-89523.448944;-86968.460083;129108.417510;135111.200809;-14059.652328;36323.401927;12037.343978
16399;-17431.668281;-35627.608299;-94372.024536;-138722.812652;-161819.386482;-89523.448944;-86968.469619;129108.417510;135111.200809;-14059.652328;36323.401927;12037.345170
16499;-17431.668281;-35627.608299;-94372.024536;-138722.812652;-161819.386482;-89523.448944;-86968.469619;129108.428955;135111.200809;-14059.652328;36323.401927;12037.348747
16599;-17431.668281;-35627.608299;-94372.024536;-138722.812652;-161819.386482;-89523.448944;-86968.469619;129108.428955;135111.200809;-14059.650897;36323.401927;12037.349939
16699;-17431.669235;-35627.608299;-94372.024536;-138722.812652;-161819.386482;-89523.448944;-86968.469619;129108.428955;135111.200809;-14059.650897;36323.401927;12037.352323
16799;-17431.669235;-35627.608299;-94372.024536;-138722.812652;-161819.386482;-89523.448944;-86968.469619;129108.428955;135111.200809;-14059.650897;36323.401927;12037.354707
16899;-17431.669235;-35627.608299;-94372.024536;-138722.812652;-161819.386482;-89523.448944;-86968.469619;129108.428955;135111.200809;-14059.649467;36323.397159;12037.355899
16999;-17431.669235;-35627.608299;-94372.024536;-138722.812652;-161819.386482;-89523.448944;-86968.469619;129108.428955;135111.200809;-14059.649467;36323.397159;12037.358283
17099;-17431.669235;-35627.608299;-94372.024536;-138722.812652;-161819.386482;-89523.448944;-86968.469619;129108.428955;135111.200809;-14059.649467;36323.394775;12037.360668
17199;-17431.669235;-35627.608299;-94372.024536;-138722.812652;-161819.386482;-89523.448944;-86968.479156;129108.428955;135111.200809;-14059.648513;36323.394775;12037.363052
17299;-17431.669235;-35627.608299;-94372.024536;-138722.812652;-161819.386482;-89523.448944;-86968.479156;129108.440399;135111.200809;-14059.648513;36323.394775;12037.365436
17399;-17431.669235;-35627.608299;-94372.024536;-138722.812652;-161819.386482;-89523.448944;-86968.479156;129108.440399;135111.200809;-14059.648513;36323.390007;12037.366628
17499;-17431.669235;-35627.608299;-94372.024536;-138722.812652;-161819.386482;-89523.448944;-86968.479156;129108.440399;135111.200809;-14059.648513;36323.390007;12037.369012
17599;-17431.669235;-35627.608299;-94372.024536;-138722.812652;-161819.386482;-89523.448944;-86968.488693;129108.440399;135111.200809;-14059.647560;36323.385238;12037.370204
17699;-17431.669235;-35627.608299;-94372.024536;-138722.812652;-161819.386482;-89523.448944;-86968.488693;129108.440399;135111.200809;-14059.647560;36323.385238;12037.373781
17799;-17431.669235;-35627.608299;-94372.024536;-138722.812652;-161819.386482;-89523.458480;-86968.488693;129108.440399;135111.200809;-14059.647560;36323.385238;12037.376165
17899;-17431.669235;-35627.608299;-94372.024536;-138722.812652;-161819.386482;-89523.458480;-86968.488693;129108.440399;135111.200809;-14059.646129;36323.385238;12037.376165
17999;-17431.669235;-35627.603530;-94372.024536;-138722.812652;-161819.386482;-89523.458480;-86968.498229;129108.440399;135111.200809;-14059.646129;36323.385238;12037.379741
18099;-17431.669235;-35627.603530;-94372.024536;-138722.812652;-161819.386482;-89523.458480;-86968.498229;129108.440399;135111.200809;-14059.646129;36323.385238;12037.382125
18199;-17431.669235;-35627.603530;-94372.024536;-138722.812652;-161819.386482;-89523.458480;-86968.498229;129108.440399;135111.200809;-14059.643745;36323.382854;12037.383317
18299;-17431.669235;-35627.603530;-94372.024536;-138722.812652;-161819.386482;-89523.458480;-86968.507766;129108.440399;135111.200809;-14059.643745;36323.382854;12037.386894
18399;-17431.669235;-35627.603530;-94372.024536;-138722.812652;-161819.386482;-89523.458480;-86968.507766;129108.440399;135111.200809;-14059.643745;36323.378086;12037.386894
18499;-17431.669235;-35627.603530;-94372.024536;-138722.812652;-161819.386482;-89523.458480;-86968.507766;129108.440399;135111.200809;-14059.643745;36323.378086;12037.389278
18599;-17431.669235;-35627.603530;-94372.024536;-138722.812652;-161819.386482;-89523.458480;-86968.507766;129108.440399;135111.200809;-14059.643745;36323.378086;12037.392854
18699;-17431.669235;-35627.603530;-94372.024536;-138722.812652;-161819.386482;-89523.458480;-86968.517303;129108.452796;135111.200809;-14059.643745;36323.373317;12037.394046
18799;-17431.669235;-35627.601146;-94372.024536;-138722.812652;-161819.386482;-89523.458480;-86968.517303;129108.452796;135111.200809;-14059.643745;36323.373317;12037.396430
18899;-17431.669235;-35627.601146;-94372.024536;-138722.812652;-161819.386482;-89523.458480;-86968.517303;129108.452796;135111.200809;-14059.642791;36323.373317;12037.397623
18999;-17431.669235;-35627.601146;-94372.024536;-138722.812652;-161819.386482;-89523.458480;-86968.517303;129108.452796;135111.200809;-14059.642791;36323.370933;12037.400007
19099;-17431.669235;-35627.601146;-94372.024536;-138722.812652;-161819.386482;-89523.458480;-86968.517303;129108.452796;135111.200809;-14059.642791;36323.370933;12037.402391
19199;-17431.669235;-35627.601146;-94372.024536;-138722.812652;-161819.386482;-89523.458480;-86968.517303;129108.452796;135111.200809;-14059.641361;36323.366165;12037.404775
19299;-17431.671619;-35627.601146;-94372.024536;-138722.812652;-161819.386482;-89523.458480;-86968.517303;129108.452796;135111.200809;-14059.641361;36323.366165;12037.407159
19399;-17431.671619;-35627.601146;-94372.024536;-138722.812652;-161819.386482;-89523.458480;-86968.517303;129108.452796;135111.200809;-14059.641361;36323.366165;12037.408351
19499;-17431.671619;-35627.601146;-94372.024536;-138722.812652;-161819.386482;-89523.468017;-86968.526840;129108.465194;135111.200809;-14059.638977;36323.366165;12037.410736
19599;-17431.671619;-35627.596378;-94372.024536;-138722.812652;-161819.386482;-89523.468017;-86968.526840;129108.465194;135111.200809;-14059.638977;36323.366165;12037.413120
19699;-17431.671619;-35627.596378;-94372.024536;-138722.812652;-161819.386482;-89523.468017;-86968.526840;129108.465194;135111.200809;-14059.638977;36323.361396;12037.414312
19799;-17431.671619;-35627.596378;-94372.024536;-138722.812652;-161819.386482;-89523.468017;-86968.536376;129108.465194;135111.200809;-14059.638977;36323.361396;12037.417888
19899;-17431.671619;-35627.596378;-94372.024536;-138722.812652;-161819.386482;-89523.468017;-86968.536376;129108.465194;135111.200809;-14059.638023;36323.361396;12037.419080
19999;-17431.671619;-35627.596378;-94372.024536;-138722.812652;-161819.386482;-89523.468017;-86968.536376;129108.465194;135111.200809;-14059.638023;36323.359012;12037.420272
20099;-17431.671619;-35627.596378;-94372.014999;-138722.812652;-161819.386482;-89523.468017;-86968.536376;129108.465194;135111.200809;-14059.638023;36323.359012;12037.423849
20199;-17431.671619;-35627.596378;-94372.014999;-138722.812652;-161819.386482;-89523.468017;-86968.545913;129108.465194;135111.200809;-14059.638023;36323.359012;12037.425041
20299;-17431.671619;-35627.596378;-94372.014999;-138722.812652;-161819.386482;-89523.468017;-86968.545913;129108.465194;135111.200809;-14059.638023;36323.354244;12037.427425
20399;-17431.671619;-35627.596378;-94372.014999;-138722.812652;-161819.386482;-89523.468017;-86968.545913;129108.465194;135111.200809;-14059.638023;36323.354244;12037.429809
20499;-17431.671619;-35627.593994;-94372.014999;-138722.812652;-161819.386482;-89523.468017;-86968.545913;129108.465194;135111.200809;-14059.635162;36323.349475;12037.431001
20599;-17431.671619;-35627.593994;-94372.014999;-138722.812652;-161819.386482;-89523.468017;-86968.555450;129108.465194;135111.200809;-14059.635162;36323.349475;12037.433385
20699;-17431.671619;-35627.593994;-94372.014999;-138722.812652;-161819.386482;-89523.468017;-86968.555450;129108.465194;135111.200809;-14059.635162;36323.349475;12037.435770
20799;-17431.671619;-35627.593994;-94372.014999;-138722.812652;-161819.386482;-89523.468017;-86968.555450;129108.465194;135111.200809;-14059.634208;36323.349475;12037.438154
20899;-17431.671619;-35627.593994;-94372.014999;-138722.812652;-161819.386482;-89523.468017;-86968.555450;129108.476638;135111.200809;-14059.634208;36323.349475;12037.439346
20999;-17431.671619;-35627.593994;-94372.014999;-138722.812652;-161819.386482;-89523.468017;-86968.564987;129108.476638;135111.200809;-14059.634208;36323.347091;12037.440538
21099;-17431.671619;-35627.593994;-94372.014999;-138722.812652;-161819.386482;-89523.468017;-86968.564987;129108.476638;135111.200809;-14059.634208;36323.347091;12037.444114
21199;-17431.671619;-35627.593994;-94372.014999;-138722.812652;-161819.386482;-89523.477554;-86968.564987;129108.476638;135111.200809;-14059.633255;36323.347091;12037.446498
21299;-17431.671619;-35627.593994;-94372.014999;-138722.812652;-161819.386482;-89523.477554;-86968.564987;129108.476638;135111.200809;-14059.633255;36323.342323;12037.447690
21399;-17431.671619;-35627.593994;-94372.014999;-138722.812652;-161819.386482;-89523.477554;-86968.564987;129108.476638;135111.200809;-14059.633255;36323.342323;12037.450075
21499;-17431.671619;-35627.593994;-94372.014999;-138722.812652;-161819.386482;-89523.477554;-86968.564987;129108.476638;135111.200809;-14059.631824;36323.342323;12037.451267
21599;-17431.671619;-35627.593994;-94372.014999;-138722.812652;-161819.386482;-89523.477554;-86968.564987;129108.476638;135111.200809;-14059.631824;36323.339939;12037.453651
21699;-17431.671619;-35627.593994;-94372.014999;-138722.812652;-161819.386482;-89523.477554;-86968.574523;129108.476638;135111.200809;-14059.631824;36323.339939;12037.457227
21799;-17431.673049;-35627.593994;-94372.014999;-138722.812652;-161819.386482;-89523.477554;-86968.574523;129108.476638;135111.200809;-14059.630393;36323.335170;12037.458419
21899;-17431.673049;-35627.593994;-94372.014999;-138722.812652;-161819.386482;-89523.477554;-86968.574523;129108.476638;135111.200809;-14059.630393;36323.335170;12037.459611
21999;-17431.673049;-35627.593994;-94372.014999;-138722.812652;-161819.386482;-89523.477554;-86968.574523;129108.476638;135111.200809;-14059.630393;36323.335170;12037.461996
22099;-17431.673049;-35627.589225;-94372.014999;-138722.825050;-161819.386482;-89523.477554;-86968.584060;129108.476638;135111.200809;-14059.630393;36323.330402;12037.464380
22199;-17431.673049;-35627.589225;-94372.014999;-138722.825050;-161819.386482;-89523.477554;-86968.584060;129108.476638;135111.200809;-14059.629440;36323.330402;12037.466764
22299;-17431.673049;-35627.589225;-94372.014999;-138722.825050;-161819.386482;-89523.477554;-86968.584060;129108.476638;135111.200809;-14059.629440;36323.330402;12037.469148
22399;-17431.673049;-35627.589225;-94372.014999;-138722.825050;-161819.386482;-89523.477554;-86968.584060;129108.488082;135111.200809;-14059.629440;36323.330402;12037.470340
22499;-17431.673049;-35627.589225;-94372.014999;-138722.825050;-161819.386482;-89523.477554;-86968.593597;129108.488082;135111.200809;-14059.627056;36323.330402;12037.472724
22599;-17431.673049;-35627.589225;-94372.014999;-138722.825050;-161819.386482;-89523.477554;-86968.593597;129108.488082;135111.200809;-14059.627056;36323.328018;12037.475109
22699;-17431.673049;-35627.589225;-94372.014999;-138722.825050;-161819.386482;-89523.477554;-86968.593597;129108.488082;135111.200809;-14059.627056;36323.328018;12037.477493
22799;-17431.673049;-35627.589225;-94372.014999;-138722.825050;-161819.386482;-89523.477554;-86968.593597;129108.488082;135111.200809;-14059.627056;36323.328018;12037.478685
22899;-17431.673049;-35627.589225;-94372.014999;-138722.825050;-161819.386482;-89523.477554;-86968.603134;129108.488082;135111.200809;-14059.627056;36323.323249;12037.481069
22999;-17431.673049;-35627.584457;-94372.014999;-138722.825050;-161819.386482;-89523.477554;-86968.603134;129108.488082;135111.200809;-14059.627056;36323.323249;12037.483453
23099;-17431.673049;-35627.584457;-94372.014999;-138722.825050;-161819.386482;-89523.477554;-86968.603134;129108.500480;135111.200809;-14059.625625;36323.318481;12037.484645
23199;-17431.673049;-35627.584457;-94372.014999;-138722.825050;-161819.400787;-89523.477554;-86968.612670;129108.500480;135111.200809;-14059.625625;36323.318481;12037.488222
23299;-17431.673049;-35627.584457;-94372.014999;-138722.825050;-161819.400787;-89523.477554;-86968.612670;129108.500480;135111.200809;-14059.625625;36323.318481;12037.489414
23399;-17431.673049;-35627.584457;-94372.014999;-138722.825050;-161819.400787;-89523.477554;-86968.612670;129108.500480;135111.200809;-14059.625625;36323.316097;12037.490606
23499;-17431.673049;-35627.584457;-94372.014999;-138722.825050;-161819.400787;-89523.477554;-86968.612670;129108.500480;135111.200809;-14059.623718;36323.316097;12037.494182
23599;-17431.673049;-35627.584457;-94372.014999;-138722.825050;-161819.400787;-89523.477554;-86968.622207;129108.500480;135111.200809;-14059.623718;36323.311328;12037.495374
23699;-17431.673049;-35627.584457;-94372.014999;-138722.825050;-161819.400787;-89523.477554;-86968.622207;129108.500480;135111.200809;-14059.623718;36323.311328;12037.497758
23799;-17431.673049;-35627.582073;-94372.014999;-138722.825050;-161819.400787;-89523.477554;-86968.622207;129108.500480;135111.224651;-14059.622287;36323.311328;12037.500143
23899;-17431.673049;-35627.582073;-94372.014999;-138722.825050;-161819.400787;-89523.477554;-86968.622207;129108.512878;135111.224651;-14059.622287;36323.311328;12037.501335
23999;-17431.673049;-35627.582073;-94372.014999;-138722.825050;-161819.400787;-89523.477554;-86968.631744;129108.512878;135111.224651;-14059.622287;36323.311328;12037.503719
24099;-17431.673049;-35627.582073;-94372.014999;-138722.825050;-161819.400787;-89523.477554;-86968.631744;129108.512878;135111.224651;-14059.622287;36323.311328;12037.506103
24199;-17431.673049;-35627.582073;-94372.014999;-138722.825050;-161819.400787;-89523.477554;-86968.631744;129108.512878;135111.224651;-14059.622287;36323.306560;12037.508487
24299;-17431.673049;-35627.582073;-94372.014999;-138722.825050;-161819.400787;-89523.477554;-86968.631744;129108.512878;135111.224651;-14059.622287;36323.306560;12037.510871
24399;-17431.674957;-35627.582073;-94372.014999;-138722.825050;-161819.400787;-89523.477554;-86968.641281;129108.512878;135111.224651;-14059.620857;36323.304176;12037.512063
24499;-17431.674957;-35627.582073;-94372.014999;-138722.825050;-161819.400787;-89523.487091;-86968.641281;129108.512878;135111.224651;-14059.620857;36323.304176;12037.514448
24599;-17431.674957;-35627.577304;-94372.014999;-138722.825050;-161819.400787;-89523.487091;-86968.641281;129108.512878;135111.224651;-14059.620857;36323.304176;12037.516832
24699;-17431.674957;-35627.577304;-94372.014999;-138722.825050;-161819.400787;-89523.487091;-86968.650817;129108.512878;135111.224651;-14059.620857;36323.299407;12037.519216
24799;-17431.674957;-35627.577304;-94372.014999;-138722.825050;-161819.400787;-89523.487091;-86968.650817;129108.512878;135111.224651;-14059.618949;36323.299407;12037.521600
24899;-17431.674957;-35627.577304;-94372.014999;-138722.825050;-161819.400787;-89523.487091;-86968.650817;129108.512878;135111.224651;-14059.618949;36323.297023;12037.521600
24999;-17431.674957;-35627.577304;-94372.014999;-138722.825050;-161819.400787;-89523.487091;-86968.650817;129108.512878;135111.224651;-14059.618949;36323.297023;12037.525177
25099;-17431.674957;-35627.577304;-94372.014999;-138722.825050;-161819.400787;-89523.487091;-86968.650817;129108.512878;135111.224651;-14059.617519;36323.297023;12037.527561
25199;-17431.674957;-35627.577304;-94372.014999;-138722.825050;-161819.400787;-89523.487091;-86968.650817;129108.512878;135111.224651;-14059.617519;36323.297023;12037.528753
25299;-17431.674957;-35627.577304;-94372.014999;-138722.825050;-161819.400787;-89523.487091;-86968.650817;129108.524322;135111.224651;-14059.617519;36323.297023;12037.532329
25399;-17431.674957;-35627.577304;-94372.014999;-138722.825050;-161819.400787;-89523.487091;-86968.650817;129108.524322;135111.224651;-14059.616088;36323.297023;12037.532329
25499;-17431.674957;-35627.577304;-94372.014999;-138722.825050;-161819.400787;-89523.487091;-86968.660354;129108.524322;135111.224651;-14059.616088;36323.292255;12037.534713
25599;-17431.674957;-35627.577304;-94372.014999;-138722.825050;-161819.400787;-89523.487091;-86968.660354;129108.524322;135111.224651;-14059.616088;36323.292255;12037.538290
25699;-17431.674957;-35627.577304;-94372.014999;-138722.825050;-161819.400787;-89523.487091;-86968.660354;129108.524322;135111.224651;-14059.616088;36323.287487;12037.539482
25799;-17431.674957;-35627.577304;-94372.005462;-138722.825050;-161819.400787;-89523.487091;-86968.660354;129108.524322;135111.224651;-14059.615135;36323.287487;12037.541866
25899;-17431.674957;-35627.577304;-94372.005462;-138722.825050;-161819.400787;-89523.487091;-86968.669891;129108.524322;135111.224651;-14059.615135;36323.287487;12037.543058
25999;-17431.674957;-35627.577304;-94372.005462;-138722.825050;-161819.400787;-89523.487091;-86968.669891;129108.524322;135111.224651;-14059.615135;36323.285102;12037.545442
26099;-17431.674957;-35627.577304;-94372.005462;-138722.825050;-161819.400787;-89523.487091;-86968.669891;129108.524322;135111.224651;-14059.614181;36323.285102;12037.547826
26199;-17431.674957;-35627.577304;-94372.005462;-138722.825050;-161819.400787;-89523.496627;-86968.679428;129108.524322;135111.224651;-14059.614181;36323.280334;12037.550210
26299;-17431.674957;-35627.572536;-94372.005462;-138722.825050;-161819.400787;-89523.496627;-86968.679428;129108.524322;135111.224651;-14059.614181;36323.280334;12037.552595
26399;-17431.674957;-35627.572536;-94372.005462;-138722.825050;-161819.400787;-89523.496627;-86968.679428;129108.524322;135111.224651;-14059.612751;36323.280334;12037.553787
26499;-17431.674957;-35627.572536;-94372.005462;-138722.825050;-161819.400787;-89523.496627;-86968.679428;129108.524322;135111.224651;-14059.612751;36323.275566;12037.556171
26599;-17431.674957;-35627.572536;-94372.005462;-138722.825050;-161819.400787;-89523.496627;-86968.688964;129108.524322;135111.224651;-14059.612751;36323.275566;12037.558555
26699;-17431.674957;-35627.572536;-94372.005462;-138722.825050;-161819.400787;-89523.496627;-86968.688964;129108.524322;135111.224651;-14059.611320;36323.275566;12037.559747
26799;-17431.674957;-35627.572536;-94372.005462;-138722.825050;-161819.400787;-89523.496627;-86968.688964;129108.535766;135111.224651;-14059.611320;36323.275566;12037.563323
26899;-17431.674957;-35627.572536;-94372.005462;-138722.825050;-161819.400787;-89523.496627;-86968.688964;129108.535766;135111.224651;-14059.611320;36323.275566;12037.564516
26999;-17431.674957;-35627.572536;-94372.005462;-138722.825050;-161819.400787;-89523.496627;-86968.688964;129108.535766;135111.224651;-14059.611320;36323.273181;12037.565708
27099;-17431.674957;-35627.570152;-94372.005462;-138722.825050;-161819.400787;-89523.496627;-86968.688964;129108.535766;135111.224651;-14059.610366;36323.273181;12037.569284
27199;-17431.674957;-35627.570152;-94372.005462;-138722.825050;-161819.400787;-89523.496627;-86968.688964;129108.535766;135111.224651;-14059.610366;36323.273181;12037.570476
27299;-17431.674957;-35627.570152;-94372.005462;-138722.825050;-161819.400787;-89523.496627;-86968.688964;129108.535766;135111.224651;-14059.610366;36323.268413;12037.572860
27399;-17431.674957;-35627.570152;-94372.005462;-138722.825050;-161819.400787;-89523.496627;-86968.698501;129108.535766;135111.224651;-14059.609413;36323.268413;12037.575244
27499;-17431.674957;-35627.570152;-94372.005462;-138722.825050;-161819.400787;-89523.496627;-86968.698501;129108.548164;135111.224651;-14059.609413;36323.268413;12037.576436
27599;-17431.674957;-35627.570152;-94372.005462;-138722.825050;-161819.400787;-89523.496627;-86968.698501;129108.548164;135111.224651;-14059.609413;36323.263645;12037.578821
27699;-17431.674957;-35627.570152;-94372.005462;-138722.825050;-161819.400787;-89523.496627;-86968.698501;129108.548164;135111.224651;-14059.606552;36323.263645;12037.581205
27799;-17431.674957;-35627.570152;-94372.005462;-138722.825050;-161819.400787;-89523.496627;-86968.708038;129108.548164;135111.224651;-14059.606552;36323.261260;12037.583589
27899;-17431.674957;-35627.570152;-94372.005462;-138722.825050;-161819.400787;-89523.506164;-86968.708038;129108.548164;135111.224651;-14059.606552;36323.261260;12037.584781
27999;-17431.674957;-35627.565383;-94372.005462;-138722.825050;-161819.400787;-89523.506164;-86968.708038;129108.548164;135111.224651;-14059.606552;36323.261260;12037.587165
28099;-17431.674957;-35627.565383;-94372.005462;-138722.825050;-161819.400787;-89523.506164;-86968.717575;129108.548164;135111.224651;-14059.605598;36323.256492;12037.589550
28199;-17431.674957;-35627.565383;-94372.005462;-138722.825050;-161819.400787;-89523.506164;-86968.717575;129108.548164;135111.224651;-14059.605598;36323.256492;12037.591934
28299;-17431.674957;-35627.565383;-94372.005462;-138722.825050;-161819.400787;-89523.506164;-86968.717575;129108.560562;135111.224651;-14059.605598;36323.256492;12037.594318
28399;-17431.674957;-35627.565383;-94372.005462;-138722.837448;-161819.400787;-89523.506164;-86968.717575;129108.560562;135111.224651;-14059.605598;36323.256492;12037.595510
28499;-17431.674957;-35627.565383;-94372.005462;-138722.837448;-161819.400787;-89523.506164;-86968.727111;129108.560562;135111.224651;-14059.605598;36323.256492;12037.597894
28599;-17431.674957;-35627.565383;-94372.005462;-138722.837448;-161819.400787;-89523.506164;-86968.727111;129108.560562;135111.224651;-14059.605598;36323.254108;12037.600278
28699;-17431.674957;-35627.565383;-94372.005462;-138722.837448;-161819.400787;-89523.506164;-86968.727111;129108.560562;135111.224651;-14059.604644;36323.254108;12037.602663
28799;-17431.674957;-35627.560615;-94372.005462;-138722.837448;-161819.400787;-89523.506164;-86968.727111;129108.560562;135111.224651;-14059.604644;36323.254108;12037.603855
28899;-17431.674957;-35627.560615;-94372.005462;-138722.837448;-161819.400787;-89523.506164;-86968.736648;129108.560562;135111.224651;-14059.604644;36323.249340;12037.606239
28999;-17431.674957;-35627.560615;-94372.005462;-138722.837448;-161819.400787;-89523.506164;-86968.736648;129108.560562;135111.224651;-14059.601783;36323.249340;12037.608623
29099;-17431.674957;-35627.560615;-94372.005462;-138722.837448;-161819.400787;-89523.506164;-86968.736648;129108.560562;135111.224651;-14059.601783;36323.244571;12037.609815
29199;-17431.674957;-35627.560615;-94372.005462;-138722.837448;-161819.400787;-89523.506164;-86968.736648;129108.560562;135111.224651;-14059.601783;36323.244571;12037.613391
29299;-17431.674957;-35627.560615;-94372.005462;-138722.837448;-161819.400787;-89523.506164;-86968.736648;129108.560562;135111.224651;-14059.601783;36323.244571;12037.614583
29399;-17431.674957;-35627.560615;-94372.005462;-138722.837448;-161819.400787;-89523.506164;-86968.736648;129108.560562;135111.224651;-14059.600830;36323.242187;12037.615776
29499;-17431.677818;-35627.560615;-94372.005462;-138722.837448;-161819.400787;-89523.506164;-86968.736648;129108.560562;135111.224651;-14059.600830;36323.242187;12037.619352
29599;-17431.677818;-35627.560615;-94372.005462;-138722.837448;-161819.400787;-89523.515701;-86968.746185;129108.560562;135111.224651;-14059.600830;36323.242187;12037.620544
29699;-17431.677818;-35627.560615;-94372.005462;-138722.837448;-161819.400787;-89523.515701;-86968.746185;129108.560562;135111.224651;-14059.599876;36323.242187;12037.622928
29799;-17431.677818;-35627.560615;-94372.005462;-138722.837448;-161819.400787;-89523.515701;-86968.746185;129108.560562;135111.224651;-14059.599876;36323.242187;12037.625312
29899;-17431.677818;-35627.560615;-94372.005462;-138722.837448;-161819.400787;-89523.515701;-86968.746185;129108.560562;135111.224651;-14059.599876;36323.237419;12037.626504
29999;-17431.677818;-35627.560615;-94372.005462;-138722.837448;-161819.400787;-89523.515701;-86968.755722;129108.560562;135111.224651;-14059.598445;36323.237419;12037.628889
30099;-17431.677818;-35627.560615;-94372.005462;-138722.837448;-161819.400787;-89523.515701;-86968.755722;129108.560562;135111.224651;-14059.598445;36323.237419;12037.631273
30199;-17431.677818;-35627.560615;-94372.005462;-138722.837448;-161819.400787;-89523.515701;-86968.755722;129108.560562;135111.224651;-14059.598445;36323.232650;12037.633657
30299;-17431.677818;-35627.560615;-94372.005462;-138722.837448;-161819.400787;-89523.515701;-86968.755722;129108.560562;135111.224651;-14059.597015;36323.232650;12037.634849
30399;-17431.677818;-35627.560615;-94372.005462;-138722.837448;-161819.400787;-89523.515701;-86968.765258;129108.560562;135111.224651;-14059.597015;36323.230266;12037.637233
30499;-17431.677818;-35627.558231;-94372.005462;-138722.837448;-161819.400787;-89523.515701;-86968.765258;129108.572006;135111.224651;-14059.597015;36323.230266;12037.639617
30599;-17431.677818;-35627.558231;-94372.005462;-138722.837448;-161819.400787;-89523.515701;-86968.765258;129108.572006;135111.224651;-14059.597015;36323.230266;12037.640810
30699;-17431.677818;-35627.558231;-94372.005462;-138722.837448;-161819.400787;-89523.515701;-86968.765258;129108.572006;135111.224651;-14059.596061;36323.225498;12037.644386
30799;-17431.677818;-35627.558231;-94372.005462;-138722.837448;-161819.400787;-89523.515701;-86968.774795;129108.572006;135111.224651;-14059.596061;36323.225498;12037.646770
30899;-17431.677818;-35627.558231;-94372.005462;-138722.837448;-161819.400787;-89523.515701;-86968.774795;129108.572006;135111.224651;-14059.596061;36323.220729;12037.646770
30999;-17431.677818;-35627.558231;-94372.005462;-138722.837448;-161819.400787;-89523.515701;-86968.774795;129108.572006;135111.224651;-14059.595108;36323.220729;12037.650346
31099;-17431.677818;-35627.558231;-94372.005462;-138722.837448;-161819.400787;-89523.515701;-86968.774795;129108.572006;135111.224651;-14059.595108;36323.220729;12037.651538
31199;-17431.677818;-35627.558231;-94372.005462;-138722.837448;-161819.400787;-89523.515701;-86968.774795;129108.583450;135111.224651;-14059.595108;36323.220729;12037.653923
31299;-17431.677818;-35627.553462;-94372.005462;-138722.837448;-161819.400787;-89523.525238;-86968.774795;129108.583450;135111.224651;-14059.593677;36323.220729;12037.657499
31399;-17431.677818;-35627.553462;-94372.005462;-138722.837448;-161819.400787;-89523.525238;-86968.774795;129108.583450;135111.224651;-14059.593677;36323.220729;12037.657499
31499;-17431.677818;-35627.553462;-94372.005462;-138722.837448;-161819.400787;-89523.525238;-86968.784332;129108.583450;135111.224651;-14059.593677;36323.218345;12037.659883
31599;-17431.677818;-35627.553462;-94371.995925;-138722.837448;-161819.400787;-89523.525238;-86968.784332;129108.583450;135111.224651;-14059.593677;36323.218345;12037.662267
31699;-17431.677818;-35627.553462;-94371.995925;-138722.837448;-161819.400787;-89523.525238;-86968.784332;129108.583450;135111.224651;-14059.592247;36323.213577;12037.664651
31799;-17431.677818;-35627.553462;-94371.995925;-138722.837448;-161819.400787;-89523.525238;-86968.784332;129108.583450;135111.224651;-14059.592247;36323.213577;12037.667036
31899;-17431.677818;-35627.553462;-94371.995925;-138722.837448;-161819.400787;-89523.525238;-86968.793869;129108.595848;135111.224651;-14059.592247;36323.213577;12037.668228
31999;-17431.677818;-35627.553462;-94371.995925;-138722.837448;-161819.400787;-89523.525238;-86968.793869;129108.595848;135111.224651;-14059.590339;36323.211193;12037.670612
32099;-17431.678771;-35627.548694;-94371.995925;-138722.837448;-161819.400787;-89523.525238;-86968.793869;129108.595848;135111.224651;-14059.590339;36323.211193;12037.672996
32199;-17431.678771;-35627.548694;-94371.995925;-138722.837448;-161819.400787;-89523.525238;-86968.793869;129108.595848;135111.224651;-14059.590339;36323.206424;12037.675380
32299;-17431.678771;-35627.548694;-94371.995925;-138722.837448;-161819.400787;-89523.525238;-86968.803405;129108.595848;135111.224651;-14059.588909;36323.206424;12037.677764
32399;-17431.678771;-35627.548694;-94371.995925;-138722.837448;-161819.400787;-89523.525238;-86968.803405;129108.595848;135111.224651;-14059.588909;36323.206424;12037.678956
32499;-17431.678771;-35627.548694;-94371.995925;-138722.837448;-161819.419860;-89523.525238;-86968.803405;129108.595848;135111.224651;-14059.588909;36323.201656;12037.681341
32599;-17431.678771;-35627.548694;-94371.995925;-138722.837448;-161819.419860;-89523.525238;-86968.803405;129108.595848;135111.224651;-14059.588909;36323.201656;12037.683725
32699;-17431.678771;-35627.548694;-94371.995925;-138722.837448;-161819.419860;-89523.525238;-86968.812942;129108.608245;135111.224651;-14059.588909;36323.201656;12037.684917
32799;-17431.678771;-35627.548694;-94371.995925;-138722.837448;-161819.419860;-89523.525238;-86968.812942;129108.608245;135111.224651;-14059.588909;36323.201656;12037.688493
32899;-17431.678771;-35627.548694;-94371.995925;-138722.837448;-161819.419860;-89523.525238;-86968.812942;129108.608245;135111.224651;-14059.588909;36323.201656;12037.689685
32999;-17431.678771;-35627.546310;-94371.995925;-138722.837448;-161819.419860;-89523.525238;-86968.822479;129108.608245;135111.224651;-14059.586524;36323.199272;12037.690877
33099;-17431.678771;-35627.546310;-94371.995925;-138722.837448;-161819.419860;-89523.525238;-86968.822479;129108.608245;135111.224651;-14059.586524;36323.199272;12037.694454
33199;-17431.678771;-35627.546310;-94371.995925;-138722.837448;-161819.419860;-89523.525238;-86968.822479;129108.608245;135111.224651;-14059.586524;36323.199272;12037.695646
33299;-17431.678771;-35627.546310;-94371.995925;-138722.837448;-161819.419860;-89523.525238;-86968.822479;129108.608245;135111.224651;-14059.585571;36323.194503;12037.698030
33399;-17431.678771;-35627.546310;-94371.995925;-138722.837448;-161819.419860;-89523.525238;-86968.822479;129108.608245;135111.224651;-14059.585571;36323.194503;12037.700414
33499;-17431.678771;-35627.546310;-94371.995925;-138722.837448;-161819.419860;-89523.525238;-86968.822479;129108.608245;135111.224651;-14059.585571;36323.189735;12037.701606
33599;-17431.678771;-35627.546310;-94371.995925;-138722.837448;-161819.419860;-89523.525238;-86968.822479;129108.608245;135111.224651;-14059.584140;36323.189735;12037.703990
33699;-17431.678771;-35627.546310;-94371.995925;-138722.837448;-161819.419860;-89523.525238;-86968.822479;129108.608245;135111.224651;-14059.584140;36323.189735;12037.706375
33799;-17431.678771;-35627.546310;-94371.995925;-138722.837448;-161819.419860;-89523.525238;-86968.832015;129108.608245;135111.224651;-14059.584140;36323.187351;12037.708759
33899;-17431.678771;-35627.546310;-94371.995925;-138722.837448;-161819.419860;-89523.525238;-86968.832015;129108.608245;135111.224651;-14059.584140;36323.187351;12037.709951
33999;-17431.678771;-35627.546310;-94371.995925;-138722.837448;-161819.419860;-89523.525238;-86968.832015;129108.608245;135111.224651;-14059.584140;36323.187351;12037.712335
34099;-17431.678771;-35627.546310;-94371.995925;-138722.837448;-161819.419860;-89523.525238;-86968.832015;129108.608245;135111.224651;-14059.584140;36323.187351;12037.714719
34199;-17431.678771;-35627.546310;-94371.995925;-138722.837448;-161819.419860;-89523.525238;-86968.841552;129108.608245;135111.224651;-14059.584140;36323.187351;12037.715911
34299;-17431.678771;-35627.546310;-94371.995925;-138722.837448;-161819.419860;-89523.525238;-86968.841552;129108.608245;135111.224651;-14059.581756;36323.182582;12037.718296
34399;-17431.678771;-35627.546310;-94371.995925;-138722.837448;-161819.419860;-89523.525238;-86968.841552;129108.608245;135111.224651;-14059.581756;36323.182582;12037.720680
34499;-17431.678771;-35627.546310;-94371.995925;-138722.837448;-161819.419860;-89523.525238;-86968.851089;129108.608245;135111.224651;-14059.581756;36323.182582;12037.721872
34599;-17431.681156;-35627.541542;-94371.995925;-138722.837448;-161819.419860;-89523.525238;-86968.851089;129108.608245;135111.224651;-14059.580802;36323.177814;12037.724256
34699;-17431.681156;-35627.541542;-94371.995925;-138722.860336;-161819.419860;-89523.534774;-86968.851089;129108.608245;135111.224651;-14059.580802;36323.177814;12037.726640
34799;-17431.681156;-35627.541542;-94371.995925;-138722.860336;-161819.419860;-89523.534774;-86968.851089;129108.608245;135111.224651;-14059.580802;36323.177814;12037.729024
34899;-17431.681156;-35627.541542;-94371.995925;-138722.860336;-161819.419860;-89523.534774;-86968.860626;129108.619689;135111.224651;-14059.579372;36323.175430;12037.730216
34999;-17431.681156;-35627.541542;-94371.995925;-138722.860336;-161819.419860;-89523.534774;-86968.860626;129108.619689;135111.224651;-14059.579372;36323.175430;12037.732601
35099;-17431.681156;-35627.541542;-94371.995925;-138722.860336;-161819.419860;-89523.534774;-86968.860626;129108.619689;135111.224651;-14059.579372;36323.170661;12037.734985
35199;-17431.681156;-35627.541542;-94371.995925;-138722.860336;-161819.419860;-89523.534774;-86968.860626;129108.619689;135111.224651;-14059.579372;36323.170661;12037.737369
35299;-17431.681156;-35627.541542;-94371.995925;-138722.860336;-161819.419860;-89523.534774;-86968.860626;129108.619689;135111.224651;-14059.577941;36323.170661;12037.739753
35399;-17431.681156;-35627.541542;-94371.995925;-138722.860336;-161819.419860;-89523.534774;-86968.860626;129108.619689;135111.224651;-14059.577941;36323.165893;12037.740945
35499;-17431.681156;-35627.539157;-94371.995925;-138722.860336;-161819.419860;-89523.534774;-86968.860626;129108.619689;135111.224651;-14059.577941;36323.165893;12037.743330
35599;-17431.681156;-35627.539157;-94371.995925;-138722.860336;-161819.419860;-89523.534774;-86968.860626;129108.631134;135111.224651;-14059.576988;36323.165893;12037.745714
35699;-17431.681156;-35627.539157;-94371.995925;-138722.860336;-161819.419860;-89523.534774;-86968.870162;129108.631134;135111.224651;-14059.576988;36323.165893;12037.748098
35800;-17431.681156;-35627.539157;-94371.995925;-138722.860336;-161819.419860;-89523.534774;-86968.870162;129108.631134;135111.224651;-14059.576988;36323.165893;12037.749290
35900;-17431.681156;-35627.539157;-94371.995925;-138722.860336;-161819.419860;-89523.534774;-86968.870162;129108.631134;135111.224651;-14059.576034;36323.163509;12037.751674
36000;-17431.681156;-35627.539157;-94371.995925;-138722.860336;-161819.419860;-89523.534774;-86968.879699;129108.631134;135111.224651;-14059.576034;36323.163509;12037.754058
36100;-17431.681156;-35627.539157;-94371.995925;-138722.860336;-161819.419860;-89523.534774;-86968.879699;129108.631134;135111.224651;-14059.576034;36323.163509;12037.755250
36200;-17431.681156;-35627.539157;-94371.995925;-138722.860336;-161819.419860;-89523.534774;-86968.879699;129108.631134;135111.224651;-14059.573173;36323.158740;12037.758827
36300;-17431.681156;-35627.534389;-94371.995925;-138722.860336;-161819.419860;-89523.544311;-86968.879699;129108.643531;135111.224651;-14059.573173;36323.158740;12037.760019
36400;-17431.681156;-35627.534389;-94371.995925;-138722.860336;-161819.419860;-89523.544311;-86968.889236;129108.643531;135111.224651;-14059.573173;36323.156356;12037.761211
36500;-17431.681156;-35627.534389;-94371.995925;-138722.860336;-161819.419860;-89523.544311;-86968.889236;129108.643531;135111.224651;-14059.573173;36323.156356;12037.764787
36600;-17431.681156;-35627.534389;-94371.995925;-138722.860336;-161819.419860;-89523.544311;-86968.889236;129108.643531;135111.224651;-14059.573173;36323.156356;12037.765979
36700;-17431.681156;-35627.534389;-94371.995925;-138722.860336;-161819.419860;-89523.544311;-86968.889236;129108.643531;135111.224651;-14059.573173;36323.151588;12037.768363
36800;-17431.681156;-35627.534389;-94371.995925;-138722.860336;-161819.419860;-89523.544311;-86968.898773;129108.643531;135111.224651;-14059.573173;36323.151588;12037.770748
36900;-17431.681156;-35627.534389;-94371.995925;-138722.860336;-161819.419860;-89523.544311;-86968.898773;129108.643531;135111.224651;-14059.572219;36323.151588;12037.771940
37000;-17431.681156;-35627.534389;-94371.995925;-138722.860336;-161819.419860;-89523.544311;-86968.898773;129108.643531;135111.224651;-14059.572219;36323.151588;12037.774324
37100;-17431.681156;-35627.534389;-94371.995925;-138722.860336;-161819.419860;-89523.544311;-86968.898773;129108.655929;135111.224651;-14059.572219;36323.151588;12037.776708
37200;-17431.683540;-35627.534389;-94371.995925;-138722.860336;-161819.419860;-89523.544311;-86968.908309;129108.655929;135111.224651;-14059.569835;36323.146820;12037.779092
37300;-17431.683540;-35627.534389;-94371.995925;-138722.860336;-161819.419860;-89523.544311;-86968.908309;129108.655929;135111.224651;-14059.569835;36323.146820;12037.781476
37400;-17431.683540;-35627.534389;-94371.995925;-138722.860336;-161819.419860;-89523.544311;-86968.908309;129108.655929;135111.224651;-14059.569835;36323.146820;12037.782669
37500;-17431.683540;-35627.534389;-94371.995925;-138722.860336;-161819.419860;-89523.544311;-86968.908309;129108.655929;135111.224651;-14059.568405;36323.144435;12037.785053
37600;-17431.683540;-35627.534389;-94371.995925;-138722.860336;-161819.419860;-89523.544311;-86968.908309;129108.655929;135111.224651;-14059.568405;36323.144435;12037.786245
37700;-17431.683540;-35627.534389;-94371.995925;-138722.860336;-161819.419860;-89523.544311;-86968.908309;129108.655929;135111.224651;-14059.568405;36323.139667;12037.789821
37800;-17431.683540;-35627.534389;-94371.995925;-138722.860336;-161819.419860;-89523.544311;-86968.908309;129108.655929;135111.224651;-14059.568405;36323.139667;12037.792205
37900;-17431.683540;-35627.534389;-94371.995925;-138722.860336;-161819.419860;-89523.544311;-86968.917846;129108.655929;135111.224651;-14059.567451;36323.139667;12037.792205
38000;-17431.683540;-35627.529621;-94371.995925;-138722.860336;-161819.419860;-89523.553848;-86968.917846;129108.655929;135111.224651;-14059.567451;36323.134899;12037.795782
38100;-17431.683540;-35627.529621;-94371.995925;-138722.860336;-161819.419860;-89523.553848;-86968.917846;129108.655929;135111.224651;-14059.567451;36323.134899;12037.796974
38200;-17431.683540;-35627.529621;-94371.995925;-138722.860336;-161819.419860;-89523.553848;-86968.917846;129108.655929;135111.224651;-14059.566497;36323.132514;12037.799358
38300;-17431.683540;-35627.529621;-94371.995925;-138722.860336;-161819.419860;-89523.553848;-86968.927383;129108.655929;135111.224651;-14059.566497;36323.132514;12037.802934
38400;-17431.683540;-35627.529621;-94371.995925;-138722.860336;-161819.419860;-89523.553848;-86968.927383;129108.655929;135111.224651;-14059.566497;36323.132514;12037.802934
38500;-17431.683540;-35627.529621;-94371.995925;-138722.860336;-161819.419860;-89523.553848;-86968.927383;129108.655929;135111.224651;-14059.565067;36323.132514;12037.805318
38600;-17431.683540;-35627.529621;-94371.995925;-138722.860336;-161819.419860;-89523.553848;-86968.927383;129108.655929;135111.224651;-14059.565067;36323.132514;12037.807703
38700;-17431.683540;-35627.529621;-94371.995925;-138722.860336;-161819.419860;-89523.553848;-86968.946456;129108.655929;135111.224651;-14059.565067;36323.132514;12037.810087
38800;-17431.683540;-35627.527236;-94371.995925;-138722.860336;-161819.419860;-89523.553848;-86968.946456;129108.655929;135111.224651;-14059.565067;36323.127746;12037.812471
38900;-17431.683540;-35627.527236;-94371.995925;-138722.860336;-161819.419860;-89523.553848;-86968.946456;129108.655929;135111.224651;-14059.563636;36323.127746;12037.813663
39000;-17431.683540;-35627.527236;-94371.995925;-138722.860336;-161819.419860;-89523.553848;-86968.946456;129108.655929;135111.224651;-14059.563636;36323.122978;12037.816047
39100;-17431.683540;-35627.527236;-94371.995925;-138722.860336;-161819.419860;-89523.553848;-86968.946456;129108.655929;135111.224651;-14059.563636;36323.122978;12037.818431
39200;-17431.683540;-35627.527236;-94371.995925;-138722.860336;-161819.419860;-89523.553848;-86968.946456;129108.655929;135111.224651;-14059.562683;36323.122978;12037.820816
39300;-17431.683540;-35627.527236;-94371.995925;-138722.860336;-161819.419860;-89523.553848;-86968.946456;129108.667373;135111.224651;-14059.562683;36323.120594;12037.823200
39400;-17431.683540;-35627.527236;-94371.995925;-138722.860336;-161819.419860;-89523.553848;-86968.955993;129108.667373;135111.224651;-14059.562683;36323.120594;12037.824392
39500;-17431.683540;-35627.527236;-94371.995925;-138722.860336;-161819.419860;-89523.553848;-86968.955993;129108.667373;135111.224651;-14059.561729;36323.115825;12037.826776
39600;-17431.683540;-35627.522468;-94371.995925;-138722.860336;-161819.419860;-89523.553848;-86968.955993;129108.667373;135111.224651;-14059.561729;36323.115825;12037.829160
39700;-17431.683540;-35627.522468;-94371.995925;-138722.860336;-161819.419860;-89523.563385;-86968.955993;129108.667373;135111.224651;-14059.561729;36323.115825;12037.830352
39800;-17431.683540;-35627.522468;-94371.995925;-138722.860336;-161819.419860;-89523.563385;-86968.965530;129108.667373;135111.224651;-14059.560298;36323.113441;12037.833929
39900;-17431.683540;-35627.522468;-94371.995925;-138722.860336;-161819.419860;-89523.563385;-86968.965530;129108.667373;135111.224651;-14059.560298;36323.113441;12037.835121
40000;-17431.683540;-35627.522468;-94371.995925;-138722.860336;-161819.419860;-89523.563385;-86968.965530;129108.678817;135111.224651;-14059.560298;36323.113441;12037.836313
40100;-17431.683540;-35627.522468;-94371.995925;-138722.860336;-161819.419860;-89523.563385;-86968.965530;129108.678817;135111.224651;-14059.560298;36323.113441;12037.839889
40200;-17431.683540;-35627.522468;-94371.995925;-138722.860336;-161819.419860;-89523.563385;-86968.975067;129108.678817;135111.224651;-14059.558868;36323.113441;12037.841081
40300;-17431.683540;-35627.522468;-94371.995925;-138722.860336;-161819.419860;-89523.563385;-86968.975067;129108.678817;135111.224651;-14059.558868;36323.108673;12037.843465
40400;-17431.683540;-35627.522468;-94371.995925;-138722.860336;-161819.419860;-89523.563385;-86968.975067;129108.678817;135111.224651;-14059.558868;36323.108673;12037.845849
40500;-17431.683540;-35627.517700;-94371.995925;-138722.860336;-161819.419860;-89523.563385;-86968.975067;129108.678817;135111.224651;-14059.556961;36323.108673;12037.847042
40600;-17431.683540;-35627.517700;-94371.995925;-138722.860336;-161819.419860;-89523.563385;-86968.984603;129108.678817;135111.224651;-14059.556961;36323.103904;12037.849426
40700;-17431.683540;-35627.517700;-94371.995925;-138722.860336;-161819.419860;-89523.563385;-86968.984603;129108.691215;135111.224651;-14059.556961;36323.103904;12037.851810
40800;-17431.683540;-35627.517700;-94371.995925;-138722.860336;-161819.419860;-89523.563385;-86968.984603;129108.691215;135111.224651;-14059.556961;36323.101520;12037.854194
40900;-17431.683540;-35627.517700;-94371.995925;-138722.860336;-161819.419860;-89523.563385;-86968.994140;129108.691215;135111.224651;-14059.556961;36323.101520;12037.855386
41000;-17431.683540;-35627.517700;-94371.995925;-138722.860336;-161819.419860;-89523.563385;-86968.994140;129108.691215;135111.224651;-14059.556961;36323.101520;12037.857770
41100;-17431.683540;-35627.517700;-94371.995925;-138722.860336;-161819.419860;-89523.563385;-86968.994140;129108.691215;135111.224651;-14059.556961;36323.096752;12037.860155
41200;-17431.683540;-35627.517700;-94371.995925;-138722.860336;-161819.419860;-89523.563385;-86968.994140;129108.691215;135111.224651;-14059.555530;36323.096752;12037.862539
41300;-17431.683540;-35627.517700;-94371.995925;-138722.860336;-161819.419860;-89523.563385;-86968.994140;129108.691215;135111.224651;-14059.555530;36323.096752;12037.864923
41400;-17431.683540;-35627.517700;-94371.995925;-138722.860336;-161819.419860;-89523.563385;-86968.994140;129108.691215;135111.224651;-14059.555530;36323.096752;12037.866115
41500;-17431.683540;-35627.517700;-94371.995925;-138722.860336;-161819.419860;-89523.563385;-86968.994140;129108.703613;135111.224651;-14059.553146;36323.096752;12037.867307
41600;-17431.683540;-35627.517700;-94371.995925;-138722.860336;-161819.419860;-89523.563385;-86968.994140;129108.703613;135111.224651;-14059.553146;36323.091983;12037.870883
41700;-17431.683540;-35627.517700;-94371.995925;-138722.860336;-161819.448471;-89523.563385;-86969.003677;129108.703613;135111.224651;-14059.553146;36323.091983;12037.873268
41800;-17431.683540;-35627.517700;-94371.995925;-138722.860336;-161819.448471;-89523.563385;-86969.003677;129108.703613;135111.224651;-14059.552192;36323.091983;12037.874460
41900;-17431.683540;-35627.517700;-94371.995925;-138722.860336;-161819.448471;-89523.563385;-86969.003677;129108.703613;135111.224651;-14059.552192;36323.089599;12037.876844
42000;-17431.683540;-35627.517700;-94371.995925;-138722.860336;-161819.448471;-89523.563385;-86969.003677;129108.703613;135111.224651;-14059.552192;36323.089599;12037.878036
42100;-17431.683540;-35627.515316;-94371.995925;-138722.860336;-161819.448471;-89523.563385;-86969.013214;129108.703613;135111.224651;-14059.552192;36323.089599;12037.880420
42200;-17431.683540;-35627.515316;-94371.995925;-138722.860336;-161819.448471;-89523.563385;-86969.013214;129108.703613;135111.224651;-14059.552192;36323.084831;12037.883996
42300;-17431.684494;-35627.515316;-94371.995925;-138722.860336;-161819.448471;-89523.563385;-86969.013214;129108.703613;135111.224651;-14059.552192;36323.084831;12037.885189
42400;-17431.684494;-35627.515316;-94371.995925;-138722.860336;-161819.448471;-89523.563385;-86969.013214;129108.703613;135111.224651;-14059.552192;36323.080062;12037.886381
42500;-17431.684494;-35627.515316;-94371.995925;-138722.860336;-161819.448471;-89523.563385;-86969.022750;129108.703613;135111.224651;-14059.549331;36323.080062;12037.888765
42600;-17431.684494;-35627.515316;-94371.995925;-138722.860336;-161819.448471;-89523.563385;-86969.022750;129108.703613;135111.224651;-14059.549331;36323.080062;12037.891149
42700;-17431.684494;-35627.515316;-94371.995925;-138722.860336;-161819.448471;-89523.563385;-86969.022750;129108.703613;135111.224651;-14059.549331;36323.077678;12037.893533
42800;-17431.684494;-35627.515316;-94371.995925;-138722.860336;-161819.448471;-89523.563385;-86969.032287;129108.703613;135111.248493;-14059.548377;36323.077678;12037.895917
42900;-17431.684494;-35627.515316;-94371.995925;-138722.860336;-161819.448471;-89523.563385;-86969.032287;129108.703613;135111.248493;-14059.548377;36323.077678;12037.897109
43000;-17431.684494;-35627.510547;-94371.986389;-138722.860336;-161819.448471;-89523.563385;-86969.032287;129108.703613;135111.248493;-14059.548377;36323.077678;12037.899494
43100;-17431.684494;-35627.510547;-94371.986389;-138722.860336;-161819.448471;-89523.572921;-86969.032287;129108.703613;135111.248493;-14059.547424;36323.077678;12037.901878
43200;-17431.684494;-35627.510547;-94371.986389;-138722.860336;-161819.448471;-89523.572921;-86969.032287;129108.703613;135111.248493;-14059.547424;36323.072910;12037.904262
43300;-17431.684494;-35627.510547;-94371.986389;-138722.860336;-161819.448471;-89523.572921;-86969.032287;129108.703613;135111.248493;-14059.547424;36323.072910;12037.905454
43400;-17431.684494;-35627.510547;-94371.986389;-138722.860336;-161819.448471;-89523.572921;-86969.032287;129108.703613;135111.248493;-14059.545993;36323.072910;12037.907838
43500;-17431.684494;-35627.510547;-94371.986389;-138722.860336;-161819.448471;-89523.572921;-86969.032287;129108.703613;135111.248493;-14059.545993;36323.070526;12037.910223
43600;-17431.684494;-35627.510547;-94371.986389;-138722.860336;-161819.448471;-89523.572921;-86969.041824;129108.703613;135111.248493;-14059.545993;36323.070526;12037.911415
43700;-17431.684494;-35627.510547;-94371.986389;-138722.860336;-161819.448471;-89523.572921;-86969.041824;129108.715057;135111.248493;-14059.545993;36323.065757;12037.914991
43800;-17431.684494;-35627.505779;-94371.986389;-138722.860336;-161819.448471;-89523.572921;-86969.041824;129108.715057;135111.248493;-14059.544563;36323.065757;12037.916183
43900;-17431.684494;-35627.505779;-94371.986389;-138722.860336;-161819.448471;-89523.572921;-86969.041824;129108.715057;135111.248493;-14059.544563;36323.065757;12037.917375
44000;-17431.684494;-35627.505779;-94371.986389;-138722.860336;-161819.448471;-89523.572921;-86969.051361;129108.715057;135111.248493;-14059.544563;36323.060989;12037.920951
44100;-17431.684494;-35627.505779;-94371.986389;-138722.860336;-161819.448471;-89523.572921;-86969.051361;129108.715057;135111.248493;-14059.543609;36323.060989;12037.922143
44200;-17431.684494;-35627.505779;-94371.986389;-138722.860336;-161819.448471;-89523.572921;-86969.051361;129108.715057;135111.248493;-14059.543609;36323.058605;12037.924528
44300;-17431.684494;-35627.505779;-94371.986389;-138722.860336;-161819.448471;-89523.572921;-86969.060897;129108.715057;135111.248493;-14059.543609;36323.058605;12037.926912
44400;-17431.684494;-35627.505779;-94371.986389;-138722.860336;-161819.448471;-89523.572921;-86969.060897;129108.726501;135111.248493;-14059.542655;36323.058605;12037.928104
44500;-17431.684494;-35627.505779;-94371.986389;-138722.860336;-161819.448471;-89523.572921;-86969.060897;129108.726501;135111.248493;-14059.542655;36323.058605;12037.930488
44600;-17431.684494;-35627.503395;-94371.986389;-138722.860336;-161819.448471;-89523.572921;-86969.060897;129108.726501;135111.248493;-14059.542655;36323.058605;12037.932872
44700;-17431.684494;-35627.503395;-94371.986389;-138722.860336;-161819.448471;-89523.572921;-86969.070434;129108.726501;135111.248493;-14059.542655;36323.058605;12037.935256
44800;-17431.684494;-35627.503395;-94371.986389;-138722.860336;-161819.448471;-89523.582458;-86969.070434;129108.726501;135111.248493;-14059.541225;36323.053836;12037.937641
44900;-17431.687355;-35627.503395;-94371.986389;-138722.860336;-161819.448471;-89523.582458;-86969.070434;129108.726501;135111.248493;-14059.541225;36323.053836;12037.938833
45000;-17431.687355;-35627.503395;-94371.986389;-138722.860336;-161819.448471;-89523.582458;-86969.070434;129108.726501;135111.248493;-14059.541225;36323.049068;12037.941217
45100;-17431.687355;-35627.503395;-94371.986389;-138722.860336;-161819.448471;-89523.582458;-86969.079971;129108.738899;135111.248493;-14059.539794;36323.049068;12037.943601
45200;-17431.687355;-35627.503395;-94371.986389;-138722.860336;-161819.448471;-89523.582458;-86969.079971;129108.738899;135111.248493;-14059.539794;36323.049068;12037.945985
45300;-17431.687355;-35627.503395;-94371.986389;-138722.860336;-161819.448471;-89523.582458;-86969.079971;129108.738899;135111.248493;-14059.539794;36323.046684;12037.948369
45400;-17431.687355;-35627.503395;-94371.986389;-138722.860336;-161819.448471;-89523.582458;-86969.079971;129108.738899;135111.248493;-14059.538841;36323.046684;12037.948369
45500;-17431.687355;-35627.503395;-94371.986389;-138722.860336;-161819.448471;-89523.582458;-86969.079971;129108.738899;135111.248493;-14059.538841;36323.041915;12037.951946
45600;-17431.687355;-35627.503395;-94371.986389;-138722.860336;-161819.448471;-89523.582458;-86969.079971;129108.738899;135111.248493;-14059.538841;36323.041915;12037.954330
45700;-17431.687355;-35627.503395;-94371.986389;-138722.860336;-161819.448471;-89523.582458;-86969.079971;129108.738899;135111.248493;-14059.536457;36323.041915;12037.955522
45800;-17431.687355;-35627.503395;-94371.986389;-138722.860336;-161819.448471;-89523.582458;-86969.079971;129108.738899;135111.248493;-14059.536457;36323.041915;12037.959098
45900;-17431.687355;-35627.503395;-94371.986389;-138722.860336;-161819.448471;-89523.582458;-86969.089508;129108.751296;135111.248493;-14059.536457;36323.041915;12037.959098
46000;-17431.687355;-35627.503395;-94371.986389;-138722.860336;-161819.448471;-89523.582458;-86969.089508;129108.751296;135111.248493;-14059.536457;36323.041915;12037.961483
46100;-17431.687355;-35627.503395;-94371.986389;-138722.860336;-161819.448471;-89523.582458;-86969.089508;129108.751296;135111.248493;-14059.535026;36323.037147;12037.965059
46200;-17431.687355;-35627.503395;-94371.986389;-138722.860336;-161819.448471;-89523.582458;-86969.099044;129108.751296;135111.248493;-14059.535026;36323.037147;12037.966251
46300;-17431.687355;-35627.498626;-94371.986389;-138722.860336;-161819.448471;-89523.582458;-86969.099044;129108.751296;135111.248493;-14059.535026;36323.034763;12037.968635
46400;-17431.687355;-35627.498626;-94371.986389;-138722.860336;-161819.448471;-89523.582458;-86969.099044;129108.751296;135111.248493;-14059.535026;36323.034763;12037.969827
46500;-17431.687355;-35627.498626;-94371.986389;-138722.860336;-161819.448471;-89523.591995;-86969.099044;129108.751296;135111.248493;-14059.535026;36323.034763;12037.972211
46600;-17431.687355;-35627.498626;-94371.986389;-138722.860336;-161819.448471;-89523.591995;-86969.108581;129108.751296;135111.248493;-14059.535026;36323.029994;12037.974596
46700;-17431.687355;-35627.498626;-94371.986389;-138722.860336;-161819.448471;-89523.591995;-86969.108581;129108.751296;135111.248493;-14059.533119;36323.029994;12037.976980
46800;-17431.687355;-35627.498626;-94371.986389;-138722.860336;-161819.448471;-89523.591995;-86969.108581;129108.751296;135111.248493;-14059.533119;36323.027610;12037.979364
46900;-17431.687355;-35627.498626;-94371.986389;-138722.860336;-161819.448471;-89523.591995;-86969.108581;129108.751296;135111.248493;-14059.533119;36323.027610;12037.980556
47000;-17431.687355;-35627.498626;-94371.986389;-138722.860336;-161819.448471;-89523.591995;-86969.118118;129108.751296;135111.248493;-14059.531688;36323.027610;12037.982940
47100;-17431.687355;-35627.496242;-94371.986389;-138722.860336;-161819.448471;-89523.591995;-86969.118118;129108.751296;135111.248493;-14059.531688;36323.022842;12037.985324
47200;-17431.687355;-35627.496242;-94371.986389;-138722.860336;-161819.448471;-89523.591995;-86969.118118;129108.751296;135111.248493;-14059.531688;36323.022842;12037.986516
47300;-17431.687355;-35627.496242;-94371.986389;-138722.872734;-161819.448471;-89523.591995;-86969.118118;129108.751296;135111.248493;-14059.531688;36323.022842;12037.990093
47400;-17431.689262;-35627.496242;-94371.986389;-138722.872734;-161819.448471;-89523.591995;-86969.118118;129108.751296;135111.248493;-14059.530258;36323.022842;12037.991285
47500;-17431.689262;-35627.496242;-94371.986389;-138722.872734;-161819.448471;-89523.591995;-86969.118118;129108.751296;135111.248493;-14059.530258;36323.022842;12037.992477
47600;-17431.689262;-35627.496242;-94371.986389;-138722.872734;-161819.448471;-89523.591995;-86969.118118;129108.751296;135111.248493;-14059.530258;36323.018074;12037.996053
47700;-17431.689262;-35627.496242;-94371.986389;-138722.872734;-161819.448471;-89523.591995;-86969.127655;129108.751296;135111.248493;-14059.529304;36323.018074;12037.997245
47800;-17431.689262;-35627.496242;-94371.986389;-138722.872734;-161819.448471;-89523.591995;-86969.127655;129108.751296;135111.248493;-14059.529304;36323.018074;12037.999629
47900;-17431.689262;-35627.496242;-94371.986389;-138722.872734;-161819.448471;-89523.591995;-86969.127655;129108.751296;135111.248493;-14059.529304;36323.015689;12038.002014
48000;-17431.689262;-35627.491474;-94371.986389;-138722.872734;-161819.448471;-89523.591995;-86969.127655;129108.751296;135111.248493;-14059.528350;36323.015689;12038.003206
48100;-17431.689262;-35627.491474;-94371.986389;-138722.872734;-161819.448471;-89523.591995;-86969.137191;129108.762741;135111.248493;-14059.528350;36323.010921;12038.005590
48200;-17431.689262;-35627.491474;-94371.986389;-138722.872734;-161819.448471;-89523.601531;-86969.137191;129108.762741;135111.248493;-14059.528350;36323.010921;12038.007974
48300;-17431.689262;-35627.491474;-94371.986389;-138722.872734;-161819.448471;-89523.601531;-86969.137191;129108.762741;135111.248493;-14059.528350;36323.010921;12038.010358
48400;-17431.689262;-35627.491474;-94371.986389;-138722.872734;-161819.448471;-89523.601531;-86969.137191;129108.762741;135111.248493;-14059.526920;36323.006153;12038.011550
48500;-17431.689262;-35627.491474;-94371.986389;-138722.872734;-161819.448471;-89523.601531;-86969.146728;129108.762741;135111.248493;-14059.526920;36323.006153;12038.013935
48600;-17431.689262;-35627.491474;-94371.986389;-138722.872734;-161819.448471;-89523.601531;-86969.146728;129108.762741;135111.248493;-14059.526920;36323.006153;12038.016319
48700;-17431.689262;-35627.491474;-94371.986389;-138722.872734;-161819.448471;-89523.601531;-86969.146728;129108.762741;135111.248493;-14059.525489;36323.006153;12038.018703
48800;-17431.689262;-35627.486705;-94371.986389;-138722.872734;-161819.448471;-89523.601531;-86969.146728;129108.774185;135111.248493;-14059.525489;36323.006153;12038.019895
48900;-17431.689262;-35627.486705;-94371.986389;-138722.872734;-161819.448471;-89523.601531;-86969.156265;129108.774185;135111.248493;-14059.525489;36323.003768;12038.022279
49000;-17431.689262;-35627.486705;-94371.986389;-138722.872734;-161819.448471;-89523.601531;-86969.156265;129108.774185;135111.248493;-14059.524536;36323.003768;12038.024663
49100;-17431.689262;-35627.486705;-94371.986389;-138722.872734;-161819.448471;-89523.601531;-86969.156265;129108.774185;135111.248493;-14059.524536;36323.003768;12038.025856
49200;-17431.689262;-35627.486705;-94371.986389;-138722.872734;-161819.448471;-89523.601531;-86969.165802;129108.774185;135111.248493;-14059.524536;36322.999000;12038.029432
49300;-17431.689262;-35627.486705;-94371.986389;-138722.872734;-161819.448471;-89523.601531;-86969.165802;129108.774185;135111.248493;-14059.523582;36322.999000;12038.030624
49400;-17431.689262;-35627.486705;-94371.986389;-138722.872734;-161819.448471;-89523.601531;-86969.165802;129108.774185;135111.248493;-14059.523582;36322.999000;12038.031816
49500;-17431.689262;-35627.486705;-94371.986389;-138722.872734;-161819.448471;-89523.601531;-86969.165802;129108.786582;135111.248493;-14059.523582;36322.994232;12038.035392
49600;-17431.689262;-35627.486705;-94371.986389;-138722.872734;-161819.448471;-89523.601531;-86969.165802;129108.786582;135111.248493;-14059.523582;36322.994232;12038.036584
49700;-17431.689262;-35627.486705;-94371.986389;-138722.872734;-161819.448471;-89523.601531;-86969.165802;129108.786582;135111.248493;-14059.522151;36322.991847;12038.038969
49800;-17431.689262;-35627.486705;-94371.986389;-138722.872734;-161819.448471;-89523.611068;-86969.165802;129108.786582;135111.248493;-14059.522151;36322.991847;12038.041353
49900;-17431.689262;-35627.486705;-94371.986389;-138722.872734;-161819.448471;-89523.611068;-86969.165802;129108.786582;135111.248493;-14059.522151;36322.991847;12038.042545
50000;-17431.690692;-35627.486705;-94371.986389;-138722.872734;-161819.448471;-89523.611068;-86969.175338;129108.786582;135111.248493;-14059.519767;36322.987079;12038.044929
50100;-17431.690692;-35627.486705;-94371.986389;-138722.872734;-161819.448471;-89523.611068;-86969.175338;129108.786582;135111.248493;-14059.519767;36322.987079;12038.047313
50200;-17431.690692;-35627.486705;-94371.986389;-138722.872734;-161819.448471;-89523.611068;-86969.175338;129108.786582;135111.248493;-14059.519767;36322.987079;12038.049697
50300;-17431.690692;-35627.486705;-94371.986389;-138722.872734;-161819.448471;-89523.611068;-86969.175338;129108.786582;135111.248493;-14059.519767;36322.987079;12038.050889
50400;-17431.690692;-35627.486705;-94371.986389;-138722.872734;-161819.448471;-89523.611068;-86969.184875;129108.786582;135111.248493;-14059.519767;36322.987079;12038.053274
50500;-17431.690692;-35627.484321;-94371.986389;-138722.872734;-161819.448471;-89523.611068;-86969.184875;129108.786582;135111.248493;-14059.519767;36322.982311;12038.055658
50600;-17431.690692;-35627.484321;-94371.986389;-138722.872734;-161819.448471;-89523.611068;-86969.184875;129108.786582;135111.248493;-14059.518814;36322.982311;12038.056850
